<?xml version="1.0" encoding="UTF-8"?><_ROOT_ EMVERSION="14.2" ORIENTATION="HORIZONTAL">
<Workspace>
<NODES>
<NODE CLASS="SASHELP.EMCORE.EMCODETOOL.CLASS" COMPONENT="SASCode" ID="EMCODE3" X="778" Y="195" DESCRIPTION="Min Leaf Size" DIAGRAMID="_ROOT_" PARENTID="" TOOLTYPE="UTILITY" TOOLPREFIX="EMCODE">
<PROPERTIES UsePriors="Y" ToolType="UTILITY" DataNeeded="N" PublishCode="PUBLISH" ScoreCodeFormat="DATASTEP" MetaAdvisor="BASIC" ForceRun="N" RunAction="Train" Component="SASCode">
<VariableProperties/>
<EmTargetAttributes/>
<EmVariableAttributes/>
<EmFileProperties>
<USERTRAINCODE Type="EXTERNAL" Extension="sas">
<Data><![CDATA[
%macro hpforest (leafsize=5,maxTrees=200);
 
    %let nTries = %sysfunc(countw(&amp;leafsize.));
 
    %do i = 1 %to &amp;nTries.;
          %let thisTry = %sysfunc(scan(&amp;leafsize.,&amp;i));
          %put thisTry &amp;thisTry.;
 
          proc hpforest data=&amp;em_import_data maxtrees=&amp;maxTrees. leafsize=&amp;thisTry.;
              input %EM_INTERVAL_INPUT /level=interval;
              target %EM_TARGET / level=binary;
              ods output fitstatistics=fitstats_vars&amp;thisTry. ;
 
          data fitstats_vars&amp;thisTry.;
              length leafsize $ 8;
              set fitstats_vars&amp;thisTry.;
              leafsize = &quot;&amp;thisTry.&quot;;
          run;
 
          proc append base=fitStats data=fitstats_vars&amp;thisTry.;
          run;
 
      %end;
 
%mend hpforest;
 
%hpforest(leafsize=1 3 5 10 15,maxTrees=100);
 
%em_register(type=Data,key=fitStats);
 
data &amp;em_user_fitStats;
    set fitStats;
run;
 
%em_report(viewType=data,key=fitStats,autodisplay=y);
%em_report(viewType=lineplot,key=fitStats,x=nTrees,y=miscOOB,group=leafsize,description=Out of Bag Misclassification Rate,autodisplay=y);
 
]]>
</Data>
</USERTRAINCODE>
<USERREPORTCODE Type="EXTERNAL" Extension="sas">
<Data><![CDATA[
/*
%em_register(key=REPORT, type=FILE, extension=pdf);
%em_report(KEY=REPORT, BLOCK=MODEL, VIEWTYPE = FILEVIEWER,
	autodisplay=Y, DESCRIPTION=My Custom Document);
 
ods pdf file=&quot;&amp;EM_USER_REPORT&quot;;
 
*/
 
/* your sgplot code goes here */
 
/*
proc sgplot data=fitstats;
title &quot;OOB vs Training&quot;;
series x=Trees y=MiscAll;
series x=Trees y=MiscOob/lineattrs=(pattern=shortdash thickness=2);
yaxis label='Misclassification Rate';
run;
ods pdf close;
*/
 
 
]]>
</Data>
</USERREPORTCODE>
<EMNOTES Type="EXTERNAL" Extension="txt">
<Data/>
</EMNOTES>
</EmFileProperties>
</PROPERTIES>
</NODE>
<NODE CLASS="SASHELP.EMCORE.EMCODETOOL.CLASS" COMPONENT="SASCode" ID="EMCODE4" X="772" Y="77" DESCRIPTION="Number of Trees" DIAGRAMID="_ROOT_" PARENTID="" TOOLTYPE="UTILITY" TOOLPREFIX="EMCODE">
<PROPERTIES UsePriors="Y" ToolType="UTILITY" DataNeeded="N" PublishCode="PUBLISH" ScoreCodeFormat="DATASTEP" MetaAdvisor="BASIC" ForceRun="N" RunAction="Train" Component="SASCode">
<VariableProperties/>
<EmTargetAttributes/>
<EmVariableAttributes/>
<EmFileProperties>
<USERTRAINCODE Type="EXTERNAL" Extension="sas">
<Data><![CDATA[
%em_register(KEY=fitstats, TYPE=data);
 
 
proc hpforest data=&amp;EM_IMPORT_DATA maxtrees=100;
input %EM_INPUT/level=interval;
target %EM_TARGET/level=binary;
ods output FitStatistics=&amp;em_user_fitstats(rename=(Ntrees=Trees));
run;
data &amp;em_user_fitstats;
set &amp;em_user_fitstats;
label Trees = 'Number of Trees';
label MiscAll = 'Full Data';
label Miscoob = 'OOB';
run;
 
	%em_report(KEY=fitstats,VIEWTYPE=lineplot,X=Trees,Y=MiscOob,DESCRIPTION=OOB Misclassification vs number of trees,AUTODISPLAY=y);
 
 
proc sgplot data=&amp;em_user_fitstats;
title &quot;OOB vs Training&quot;;
series x=Trees y=MiscAll;
series x=Trees y=MiscOob/lineattrs=(pattern=shortdash thickness=2);
yaxis label='Misclassification Rate';
run;
title;
 
]]>
</Data>
</USERTRAINCODE>
<USERREPORTCODE Type="EXTERNAL" Extension="sas">
<Data><![CDATA[
/*
%em_register(key=REPORT, type=FILE, extension=pdf);
%em_report(KEY=REPORT, BLOCK=MODEL, VIEWTYPE = FILEVIEWER,
	autodisplay=Y, DESCRIPTION=My Custom Document);
 
ods pdf file=&quot;&amp;EM_USER_REPORT&quot;;
 
*/
 
/* your sgplot code goes here */
 
/*
proc sgplot data=fitstats;
title &quot;OOB vs Training&quot;;
series x=Trees y=MiscAll;
series x=Trees y=MiscOob/lineattrs=(pattern=shortdash thickness=2);
yaxis label='Misclassification Rate';
run;
ods pdf close;
*/
 
]]>
</Data>
</USERREPORTCODE>
<EMNOTES Type="EXTERNAL" Extension="txt">
<Data/>
</EMNOTES>
</EmFileProperties>
</PROPERTIES>
</NODE>
<NODE CLASS="SASHELP.EMCORE.EMCODETOOL.CLASS" COMPONENT="SASCode" ID="EMCODE5" X="774" Y="134" DESCRIPTION="Number of Variables" DIAGRAMID="_ROOT_" PARENTID="" TOOLTYPE="UTILITY" TOOLPREFIX="EMCODE">
<PROPERTIES UsePriors="Y" ToolType="UTILITY" DataNeeded="N" PublishCode="PUBLISH" ScoreCodeFormat="DATASTEP" MetaAdvisor="BASIC" ForceRun="N" RunAction="Train" Component="SASCode">
<VariableProperties/>
<EmTargetAttributes/>
<EmVariableAttributes/>
<EmFileProperties>
<USERTRAINCODE Type="EXTERNAL" Extension="sas">
<Data><![CDATA[
%macro hpforestStudy (nVars=10,maxTrees=200);
 
    %let nTries = %sysfunc(countw(&amp;nVars.));

    /* Loop over all specified number of variables to try */
    %do i = 1 %to &amp;nTries.;
          %let thisTry = %sysfunc(scan(&amp;nVars.,&amp;i));
 			 
			 /* Run HP Forest for this number of variables */
          proc hpforest data=&amp;em_import_data maxtrees=&amp;maxTrees. vars_to_try=&amp;thisTry.;
              input %EM_INTERVAL_INPUT /level=interval;
              target %EM_TARGET / level=binary;
              ods output fitstatistics=fitstats_vars&amp;thisTry. ;
 
          data fitstats_vars&amp;thisTry.;
              length varsToTry $ 8;
              set fitstats_vars&amp;thisTry.;
              varsToTry = &quot;&amp;thisTry.&quot;;
          run;
 
          proc append base=fitStats data=fitstats_vars&amp;thisTry.;
          run;
 
      %end;
 
%mend hpforestStudy;
 
%hpforestStudy(nVars=5 10 25 50 all,maxTrees=100);
 
%em_register(type=Data,key=fitStats);
 
data &amp;em_user_fitStats;
    set fitStats;
run;
 
%em_report(viewType=data,key=fitStats,autodisplay=y);
%em_report(viewType=lineplot,key=fitStats,x=nTrees,y=miscOOB,group=varsToTry,description=Out of Bag Misclassification Rate,autodisplay=y);
 
]]>
</Data>
</USERTRAINCODE>
<USERREPORTCODE Type="EXTERNAL" Extension="sas">
<Data><![CDATA[
/*
%em_register(key=REPORT, type=FILE, extension=pdf);
%em_report(KEY=REPORT, BLOCK=MODEL, VIEWTYPE = FILEVIEWER,
	autodisplay=Y, DESCRIPTION=My Custom Document);
 
ods pdf file=&quot;&amp;EM_USER_REPORT&quot;;
 
*/
 
/* your sgplot code goes here */
 
/*
proc sgplot data=fitstats;
title &quot;OOB vs Training&quot;;
series x=Trees y=MiscAll;
series x=Trees y=MiscOob/lineattrs=(pattern=shortdash thickness=2);
yaxis label='Misclassification Rate';
run;
ods pdf close;
*/
 
 
]]>
</Data>
</USERREPORTCODE>
<EMNOTES Type="EXTERNAL" Extension="txt">
<Data/>
</EMNOTES>
</EmFileProperties>
</PROPERTIES>
</NODE>
<NODE CLASS="SASHELP.EMCORE.EMCODETOOL.CLASS" COMPONENT="SASCode" ID="EMCODE7" X="338" Y="152" DESCRIPTION="SAS Code (7)" DIAGRAMID="_ROOT_" PARENTID="" TOOLTYPE="UTILITY" TOOLPREFIX="EMCODE">
<PROPERTIES UsePriors="Y" ToolType="UTILITY" DataNeeded="N" PublishCode="PUBLISH" ScoreCodeFormat="DATASTEP" MetaAdvisor="BASIC" ForceRun="N" RunAction="Train" Component="SASCode">
<VariableProperties/>
<EmVariableAttributes/>
<EmTargetAttributes/>
<EmFileProperties>
<USERTRAINCODE Type="EXTERNAL" Extension="sas">
<Data><![CDATA[
%put %EM_INTERVAL_INPUT;
]]>
</Data>
</USERTRAINCODE>
<EMNOTES Type="EXTERNAL" Extension="txt">
<Data/>
</EMNOTES>
</EmFileProperties>
</PROPERTIES>
</NODE>
<NODE CLASS="SASHELP.EMCORE.EXTENSION.CLASS" COMPONENT="GraphExplore" ID="GrfExpl" X="366" Y="355" DESCRIPTION="Graph Explore" DIAGRAMID="_ROOT_" PARENTID="" TOOLTYPE="EXPLORE" TOOLPREFIX="GrfExpl">
<PROPERTIES Location="CATALOG" Catalog="SASHELP.EMEXPL.GRAPHEXPLORE.SOURCE" EmSampleMethod="FIRSTN" EmSampleSize="DEFAULT" EmRandomSeed="12345" Target="Y" GroupByTarget="Y" ForceRun="N" RunAction="Train" Component="GraphExplore" DataSource="SAMPLE" DataNeeded="Y">
<VariableProperties/>
<EmVariableAttributes/>
<EmTargetAttributes/>
<EmFileProperties>
<USERTRAINCODE Type="EXTERNAL" Extension="sas">
<Data/>
</USERTRAINCODE>
<EMNOTES Type="EXTERNAL" Extension="txt">
<Data/>
</EMNOTES>
</EmFileProperties>
</PROPERTIES>
</NODE>
<NODE CLASS="SASHELP.EMCORE.EXTENSION.CLASS" COMPONENT="HPDMForest" ID="HPDMForest2" X="774" Y="363" DESCRIPTION="HP Forest (2)" DIAGRAMID="_ROOT_" PARENTID="" TOOLTYPE="MODEL" TOOLPREFIX="HPDMForest">
<PROPERTIES Location="CATALOG" Catalog="SASHELP.HPDM.HPDMForest.SOURCE" ToolType="MODEL" ALPHA="0.05" CATBINS="30" EXHAUSTIVE="5000" LEAFSIZEMETHOD="DEFAULT" LEAFFRACTION="0.00001" LEAFSIZE="1" MAXDEPTH="50" MAXTREES="200" MINCATSIZE="5" SEED="12345" SPLITSIZE="." NUMOBSMETHOD="PERCENTAGE" TRAINFRACTION="0.6" TRAINN="." VARS_TO_TRY="25" MISSING="USEINSEARCH" MINUSEINSEARCH="1" VARSELECT="Y" VIMETHOD="LOSSREDUCTION" RBATOPNUM="25" RBACUT="0.01" ForceRun="N" RunAction="Train" Component="HPDMForest">
<VariableProperties/>
<EmTargetAttributes/>
<EmVariableAttributes/>
<EmFileProperties>
<USERTRAINCODE Type="EXTERNAL" Extension="sas">
<Data/>
</USERTRAINCODE>
<EMNOTES Type="EXTERNAL" Extension="txt">
<Data/>
</EMNOTES>
</EmFileProperties>
</PROPERTIES>
</NODE>
<NODE CLASS="SASHELP.EMCORE.EXTENSION.CLASS" COMPONENT="HPDMForest" ID="HPDMForest3" X="774" Y="264" DESCRIPTION="HP Forest untuned" DIAGRAMID="_ROOT_" PARENTID="" TOOLTYPE="MODEL" TOOLPREFIX="HPDMForest">
<PROPERTIES Location="CATALOG" Catalog="SASHELP.HPDM.HPDMFOREST.SOURCE" ToolType="MODEL" ALPHA="0.05" CATBINS="30" EXHAUSTIVE="5000" LEAFSIZEMETHOD="PERCENTAGE" LEAFFRACTION="0.00001" LEAFSIZE="1" MAXDEPTH="50" MAXTREES="100" MINCATSIZE="5" SEED="12345" SPLITSIZE="." NUMOBSMETHOD="PERCENTAGE" TRAINFRACTION="0.6" TRAINN="." VARS_TO_TRY="." MISSING="USEINSEARCH" MINUSEINSEARCH="1" VARSELECT="Y" VIMETHOD="LOSSREDUCTION" RBATOPNUM="25" RBACUT="0.01" ForceRun="N" RunAction="Train" Component="HPDMForest">
<VariableProperties/>
<EmVariableAttributes/>
<EmTargetAttributes/>
<EmFileProperties>
<USERTRAINCODE Type="EXTERNAL" Extension="sas">
<Data/>
</USERTRAINCODE>
<EMNOTES Type="EXTERNAL" Extension="txt">
<Data/>
</EMNOTES>
</EmFileProperties>
</PROPERTIES>
</NODE>
<NODE CLASS="SASHELP.EMSAMP.IDS.CLASS" COMPONENT="DataSource" ID="Ids" X="180" Y="265" DESCRIPTION="MNIST Digits" DIAGRAMID="_ROOT_" PARENTID="" TOOLTYPE="SAMPLE" TOOLPREFIX="Ids">
<PROPERTIES DataSource="trainnormalizedpy" Scope="LOCAL" Role="RAW" Library="L" Table="TRAIN_NORMALIZED_PY" NCols="730" NObs="42000" NBytes="258135040" Segment="" DataSourceRole="RAW" OutputType="VIEW" ForceRun="Y" ComputeStatistics="N" DataSelection="DATASOURCE" NewTable="" MetaAdvisor="BASIC" ApplyIntervalLevelLowerLimit="Y" IntervalLowerLimit="20" ApplyMaxPercentMissing="Y" MaxPercentMissing="50" ApplyMaxClassLevels="Y" MaxClassLevels="20" IdentifyEmptyColumns="Y" VariableValidation="STRICT" NewVariableRole="REJECT" DropMapVariables="Y" DsId="trainnormalizedpy" DsSampleName="" DsSampleSizeType="" DsSampleSize="" DsCreatedBy="brwuje" DsCreateDate="1739121963.8" DsModifiedBy="brwuje" DsModifyDate="1739121963.8" DsScope="LOCAL" Sample="D" SampleSizeType="PERCENT" SampleSizePercent="20" SampleSizeObs="10000" DBPassThrough="Y" RunAction="Train" Component="DataSource" Description="">
<VariableProperties/>
<EmVariableAttributes/>
<EmTargetAttributes>
<label>
<DecData Table="EMWS1.Ids_label_DD">
<Data>
<Obs LABEL="9" COUNT="4188" DATAPRIOR="0.0997142857" TRAINPRIOR="0.0997142857" DECPRIOR="." DECISION1="1" DECISION2="0" DECISION3="0" DECISION4="0" DECISION5="0" DECISION6="0" DECISION7="0" DECISION8="0" DECISION9="0" DECISION10="0"/>
<Obs LABEL="8" COUNT="4063" DATAPRIOR="0.0967380952" TRAINPRIOR="0.0967380952" DECPRIOR="." DECISION1="0" DECISION2="1" DECISION3="0" DECISION4="0" DECISION5="0" DECISION6="0" DECISION7="0" DECISION8="0" DECISION9="0" DECISION10="0"/>
<Obs LABEL="7" COUNT="4401" DATAPRIOR="0.1047857143" TRAINPRIOR="0.1047857143" DECPRIOR="." DECISION1="0" DECISION2="0" DECISION3="1" DECISION4="0" DECISION5="0" DECISION6="0" DECISION7="0" DECISION8="0" DECISION9="0" DECISION10="0"/>
<Obs LABEL="6" COUNT="4137" DATAPRIOR="0.0985" TRAINPRIOR="0.0985" DECPRIOR="." DECISION1="0" DECISION2="0" DECISION3="0" DECISION4="1" DECISION5="0" DECISION6="0" DECISION7="0" DECISION8="0" DECISION9="0" DECISION10="0"/>
<Obs LABEL="5" COUNT="3795" DATAPRIOR="0.0903571429" TRAINPRIOR="0.0903571429" DECPRIOR="." DECISION1="0" DECISION2="0" DECISION3="0" DECISION4="0" DECISION5="1" DECISION6="0" DECISION7="0" DECISION8="0" DECISION9="0" DECISION10="0"/>
<Obs LABEL="4" COUNT="4072" DATAPRIOR="0.096952381" TRAINPRIOR="0.096952381" DECPRIOR="." DECISION1="0" DECISION2="0" DECISION3="0" DECISION4="0" DECISION5="0" DECISION6="1" DECISION7="0" DECISION8="0" DECISION9="0" DECISION10="0"/>
<Obs LABEL="3" COUNT="4351" DATAPRIOR="0.1035952381" TRAINPRIOR="0.1035952381" DECPRIOR="." DECISION1="0" DECISION2="0" DECISION3="0" DECISION4="0" DECISION5="0" DECISION6="0" DECISION7="1" DECISION8="0" DECISION9="0" DECISION10="0"/>
<Obs LABEL="2" COUNT="4177" DATAPRIOR="0.099452381" TRAINPRIOR="0.099452381" DECPRIOR="." DECISION1="0" DECISION2="0" DECISION3="0" DECISION4="0" DECISION5="0" DECISION6="0" DECISION7="0" DECISION8="1" DECISION9="0" DECISION10="0"/>
<Obs LABEL="1" COUNT="4684" DATAPRIOR="0.1115238095" TRAINPRIOR="0.1115238095" DECPRIOR="." DECISION1="0" DECISION2="0" DECISION3="0" DECISION4="0" DECISION5="0" DECISION6="0" DECISION7="0" DECISION8="0" DECISION9="1" DECISION10="0"/>
<Obs LABEL="0" COUNT="4132" DATAPRIOR="0.0983809524" TRAINPRIOR="0.0983809524" DECPRIOR="." DECISION1="0" DECISION2="0" DECISION3="0" DECISION4="0" DECISION5="0" DECISION6="0" DECISION7="0" DECISION8="0" DECISION9="0" DECISION10="1"/>
</Data>
<Metadata>
<Variable NAME="label" LABEL="" LENGTH="32" FORMAT="" TYPE="C"/>
<Variable NAME="COUNT" LABEL="Level Counts" LENGTH="8" FORMAT="10." TYPE="N"/>
<Variable NAME="DATAPRIOR" LABEL="Data Proportions" LENGTH="8" FORMAT="" TYPE="N"/>
<Variable NAME="TRAINPRIOR" LABEL="Training Proportions" LENGTH="8" FORMAT="" TYPE="N"/>
<Variable NAME="DECPRIOR" LABEL="Decision Priors" LENGTH="8" FORMAT="" TYPE="N"/>
<Variable NAME="DECISION1" LABEL="9" LENGTH="8" FORMAT="" TYPE="N"/>
<Variable NAME="DECISION2" LABEL="8" LENGTH="8" FORMAT="" TYPE="N"/>
<Variable NAME="DECISION3" LABEL="7" LENGTH="8" FORMAT="" TYPE="N"/>
<Variable NAME="DECISION4" LABEL="6" LENGTH="8" FORMAT="" TYPE="N"/>
<Variable NAME="DECISION5" LABEL="5" LENGTH="8" FORMAT="" TYPE="N"/>
<Variable NAME="DECISION6" LABEL="4" LENGTH="8" FORMAT="" TYPE="N"/>
<Variable NAME="DECISION7" LABEL="3" LENGTH="8" FORMAT="" TYPE="N"/>
<Variable NAME="DECISION8" LABEL="2" LENGTH="8" FORMAT="" TYPE="N"/>
<Variable NAME="DECISION9" LABEL="1" LENGTH="8" FORMAT="" TYPE="N"/>
<Variable NAME="DECISION10" LABEL="0" LENGTH="8" FORMAT="" TYPE="N"/>
</Metadata>
</DecData>
<DecMeta Table="EMWS1.Ids_label_DM">
<Data>
<Obs _TYPE_="MATRIX" VARIABLE="" LABEL="" LEVEL="PROFIT" EVENT="" ORDER="" FORMAT="" TYPE="" COST="" USE="N"/>
<Obs _TYPE_="TARGET" VARIABLE="label" LABEL="" LEVEL="NOMINAL" EVENT="9" ORDER="" FORMAT="BEST12.0" TYPE="N" COST="" USE=""/>
<Obs _TYPE_="DECISION" VARIABLE="DECISION1" LABEL="9" LEVEL="" EVENT="" ORDER="" FORMAT="" TYPE="N" COST="" USE="Y"/>
<Obs _TYPE_="DECISION" VARIABLE="DECISION2" LABEL="8" LEVEL="" EVENT="" ORDER="" FORMAT="" TYPE="N" COST="" USE="Y"/>
<Obs _TYPE_="DECISION" VARIABLE="DECISION3" LABEL="7" LEVEL="" EVENT="" ORDER="" FORMAT="" TYPE="N" COST="" USE="Y"/>
<Obs _TYPE_="DECISION" VARIABLE="DECISION4" LABEL="6" LEVEL="" EVENT="" ORDER="" FORMAT="" TYPE="N" COST="" USE="Y"/>
<Obs _TYPE_="DECISION" VARIABLE="DECISION5" LABEL="5" LEVEL="" EVENT="" ORDER="" FORMAT="" TYPE="N" COST="" USE="Y"/>
<Obs _TYPE_="DECISION" VARIABLE="DECISION6" LABEL="4" LEVEL="" EVENT="" ORDER="" FORMAT="" TYPE="N" COST="" USE="Y"/>
<Obs _TYPE_="DECISION" VARIABLE="DECISION7" LABEL="3" LEVEL="" EVENT="" ORDER="" FORMAT="" TYPE="N" COST="" USE="Y"/>
<Obs _TYPE_="DECISION" VARIABLE="DECISION8" LABEL="2" LEVEL="" EVENT="" ORDER="" FORMAT="" TYPE="N" COST="" USE="Y"/>
<Obs _TYPE_="DECISION" VARIABLE="DECISION9" LABEL="1" LEVEL="" EVENT="" ORDER="" FORMAT="" TYPE="N" COST="" USE="Y"/>
<Obs _TYPE_="DECISION" VARIABLE="DECISION10" LABEL="0" LEVEL="" EVENT="" ORDER="" FORMAT="" TYPE="N" COST="" USE="Y"/>
<Obs _TYPE_="DATAPRIOR" VARIABLE="DATAPRIOR" LABEL="Data Prior" LEVEL="" EVENT="" ORDER="" FORMAT="" TYPE="N" COST="" USE="N"/>
<Obs _TYPE_="TRAINPRIOR" VARIABLE="TRAINPRIOR" LABEL="Training Prior" LEVEL="" EVENT="" ORDER="" FORMAT="" TYPE="N" COST="" USE="N"/>
<Obs _TYPE_="DECPRIOR" VARIABLE="DECPRIOR" LABEL="Decision Prior" LEVEL="" EVENT="" ORDER="" FORMAT="" TYPE="N" COST="" USE="N"/>
<Obs _TYPE_="PREDICTED" VARIABLE="P_label9" LABEL="Predicted: label=9" LEVEL="9" EVENT="" ORDER="" FORMAT="" TYPE="N" COST="" USE=""/>
<Obs _TYPE_="RESIDUAL" VARIABLE="R_label9" LABEL="Residual: label=9" LEVEL="9" EVENT="" ORDER="" FORMAT="" TYPE="N" COST="" USE=""/>
<Obs _TYPE_="PREDICTED" VARIABLE="P_label8" LABEL="Predicted: label=8" LEVEL="8" EVENT="" ORDER="" FORMAT="" TYPE="N" COST="" USE=""/>
<Obs _TYPE_="RESIDUAL" VARIABLE="R_label8" LABEL="Residual: label=8" LEVEL="8" EVENT="" ORDER="" FORMAT="" TYPE="N" COST="" USE=""/>
<Obs _TYPE_="PREDICTED" VARIABLE="P_label7" LABEL="Predicted: label=7" LEVEL="7" EVENT="" ORDER="" FORMAT="" TYPE="N" COST="" USE=""/>
<Obs _TYPE_="RESIDUAL" VARIABLE="R_label7" LABEL="Residual: label=7" LEVEL="7" EVENT="" ORDER="" FORMAT="" TYPE="N" COST="" USE=""/>
<Obs _TYPE_="PREDICTED" VARIABLE="P_label6" LABEL="Predicted: label=6" LEVEL="6" EVENT="" ORDER="" FORMAT="" TYPE="N" COST="" USE=""/>
<Obs _TYPE_="RESIDUAL" VARIABLE="R_label6" LABEL="Residual: label=6" LEVEL="6" EVENT="" ORDER="" FORMAT="" TYPE="N" COST="" USE=""/>
<Obs _TYPE_="PREDICTED" VARIABLE="P_label5" LABEL="Predicted: label=5" LEVEL="5" EVENT="" ORDER="" FORMAT="" TYPE="N" COST="" USE=""/>
<Obs _TYPE_="RESIDUAL" VARIABLE="R_label5" LABEL="Residual: label=5" LEVEL="5" EVENT="" ORDER="" FORMAT="" TYPE="N" COST="" USE=""/>
<Obs _TYPE_="PREDICTED" VARIABLE="P_label4" LABEL="Predicted: label=4" LEVEL="4" EVENT="" ORDER="" FORMAT="" TYPE="N" COST="" USE=""/>
<Obs _TYPE_="RESIDUAL" VARIABLE="R_label4" LABEL="Residual: label=4" LEVEL="4" EVENT="" ORDER="" FORMAT="" TYPE="N" COST="" USE=""/>
<Obs _TYPE_="PREDICTED" VARIABLE="P_label3" LABEL="Predicted: label=3" LEVEL="3" EVENT="" ORDER="" FORMAT="" TYPE="N" COST="" USE=""/>
<Obs _TYPE_="RESIDUAL" VARIABLE="R_label3" LABEL="Residual: label=3" LEVEL="3" EVENT="" ORDER="" FORMAT="" TYPE="N" COST="" USE=""/>
<Obs _TYPE_="PREDICTED" VARIABLE="P_label2" LABEL="Predicted: label=2" LEVEL="2" EVENT="" ORDER="" FORMAT="" TYPE="N" COST="" USE=""/>
<Obs _TYPE_="RESIDUAL" VARIABLE="R_label2" LABEL="Residual: label=2" LEVEL="2" EVENT="" ORDER="" FORMAT="" TYPE="N" COST="" USE=""/>
<Obs _TYPE_="PREDICTED" VARIABLE="P_label1" LABEL="Predicted: label=1" LEVEL="1" EVENT="" ORDER="" FORMAT="" TYPE="N" COST="" USE=""/>
<Obs _TYPE_="RESIDUAL" VARIABLE="R_label1" LABEL="Residual: label=1" LEVEL="1" EVENT="" ORDER="" FORMAT="" TYPE="N" COST="" USE=""/>
<Obs _TYPE_="PREDICTED" VARIABLE="P_label0" LABEL="Predicted: label=0" LEVEL="0" EVENT="" ORDER="" FORMAT="" TYPE="N" COST="" USE=""/>
<Obs _TYPE_="RESIDUAL" VARIABLE="R_label0" LABEL="Residual: label=0" LEVEL="0" EVENT="" ORDER="" FORMAT="" TYPE="N" COST="" USE=""/>
<Obs _TYPE_="FROM" VARIABLE="F_label" LABEL="From: label" LEVEL="" EVENT="" ORDER="" FORMAT="" TYPE="C" COST="" USE=""/>
<Obs _TYPE_="INTO" VARIABLE="I_label" LABEL="Into: label" LEVEL="" EVENT="" ORDER="" FORMAT="" TYPE="C" COST="" USE=""/>
</Data>
<Metadata>
<Variable NAME="_TYPE_" LABEL="Type" LENGTH="32" FORMAT="" TYPE="C"/>
<Variable NAME="VARIABLE" LABEL="Variable" LENGTH="32" FORMAT="" TYPE="C"/>
<Variable NAME="LABEL" LABEL="Label" LENGTH="256" FORMAT="" TYPE="C"/>
<Variable NAME="LEVEL" LABEL="Measurement Level" LENGTH="32" FORMAT="" TYPE="C"/>
<Variable NAME="EVENT" LABEL="Target Event" LENGTH="32" FORMAT="" TYPE="C"/>
<Variable NAME="ORDER" LABEL="Order" LENGTH="10" FORMAT="" TYPE="C"/>
<Variable NAME="FORMAT" LABEL="Format" LENGTH="32" FORMAT="" TYPE="C"/>
<Variable NAME="TYPE" LABEL="Type" LENGTH="1" FORMAT="" TYPE="C"/>
<Variable NAME="COST" LABEL="Cost" LENGTH="32" FORMAT="" TYPE="C"/>
<Variable NAME="USE" LABEL="Use" LENGTH="1" FORMAT="" TYPE="C"/>
</Metadata>
</DecMeta>
</label>
</EmTargetAttributes>
<EmFileProperties>
<EMNOTES Type="EXTERNAL" Extension="txt">
<Data/>
</EMNOTES>
</EmFileProperties>
</PROPERTIES>
</NODE>
<NODE CLASS="SASHELP.EMASSMT.ASSESS.CLASS" COMPONENT="ModelCompare" ID="MdlComp" X="971" Y="297" DESCRIPTION="Model Comparison" DIAGRAMID="_ROOT_" PARENTID="" TOOLTYPE="ASSESS" TOOLPREFIX="MdlComp">
<PROPERTIES NumberOfReportedLevels="1E-6" NormalizeReportingVariables="Y" DecileBin="20" LiftEpsilon="1E-6" ProfitEpsilon="1E-6" RoiEpsilon="1E-6" ScoreDistBin="20" RocChart="Y" RocEpsilon="0.01" AssessAllTargetLevels="N" SelectionData="DEFAULT" HPCriteria="DEFAULT" SelectionTable="TEST" SelectionCriteria="_MISC_" SelectionDepth="10" NumberofBins="20" RecomputeAssess="N" TargetName="label" ModelId="HPDMForest2" ModelDescription="HP Forest (2)" ModelCriteria="Test: Misclassification Rate" ForceRun="N" RunAction="Train" Component="ModelCompare" StatisticUsed="_TMISC_" TargetLabel="">
<VariableProperties/>
<EmTargetAttributes/>
<EmVariableAttributes/>
<EmFileProperties>
<EMNOTES Type="EXTERNAL" Extension="txt">
<Data/>
</EMNOTES>
</EmFileProperties>
</PROPERTIES>
</NODE>
<NODE CLASS="SASHELP.EMSAMP.EMDPART.CLASS" COMPONENT="Partition" ID="Part" X="576" Y="264" DESCRIPTION="85/15 Train/Test" DIAGRAMID="_ROOT_" PARENTID="" TOOLTYPE="SAMPLE" TOOLPREFIX="Part">
<PROPERTIES Method="DEFAULT" TrainPct="85" ValidatePct="0" TestPct="15" RandomSeed="12345" OutputType="DATA" IntervalDistribution="Y" ClassDistribution="Y" ForceRun="N" RunAction="Train" Component="Partition">
<VariableProperties/>
<EmTargetAttributes/>
<EmVariableAttributes/>
<EmFileProperties>
<EMNOTES Type="EXTERNAL" Extension="txt">
<Data/>
</EMNOTES>
</EmFileProperties>
</PROPERTIES>
</NODE>
<NODE CLASS="SASHELP.EMSAMP.SAMPLING.CLASS" COMPONENT="Sample" ID="Smpl" X="378" Y="264" DESCRIPTION="Sample" DIAGRAMID="_ROOT_" PARENTID="" TOOLTYPE="SAMPLE" TOOLPREFIX="Smpl">
<PROPERTIES Method="DEFAULT" SizeType="PERCENT" SizePercent="10" SizeObs="." RandomSeed="12345" Alpha="0.01" Pvalue="0.01" AdjustFreq="N" FreqMiss="N" FreqCount="N" StratifyCriterion="PROPORTIONAL" MinStrataSize="5" IgnoreSmallStrata="N" ClusterMethod="RANDOM" LevelProportion="100" LevelSampleProportion="50" LevelSelection="EVENT" OutputType="DATA" IntervalDistribution="Y" ClassDistribution="Y" ForceRun="N" RunAction="Train" Component="Sample">
<VariableProperties/>
<EmTargetAttributes/>
<EmVariableAttributes/>
<EmFileProperties>
<EMNOTES Type="EXTERNAL" Extension="txt">
<Data/>
</EMNOTES>
</EmFileProperties>
</PROPERTIES>
</NODE>
</NODES>
<CONNECTIONS>
<CONNECTION FROM="Part" TO="HPDMForest2"/>
<CONNECTION FROM="Part" TO="HPDMForest3"/>
<CONNECTION FROM="Part" TO="EMCODE4"/>
<CONNECTION FROM="Part" TO="EMCODE5"/>
<CONNECTION FROM="Part" TO="EMCODE3"/>
<CONNECTION FROM="HPDMForest3" TO="MdlComp"/>
<CONNECTION FROM="HPDMForest2" TO="MdlComp"/>
<CONNECTION FROM="Smpl" TO="Part"/>
<CONNECTION FROM="Ids" TO="EMCODE7"/>
<CONNECTION FROM="Ids" TO="GrfExpl"/>
<CONNECTION FROM="Ids" TO="Smpl"/>
</CONNECTIONS>
<NOTES>
<DATA><![CDATA[


]]>
</DATA>
</NOTES>
</Workspace>
</_ROOT_>
