<?xml version="1.0" encoding="UTF-8"?><_ROOT_ EMVERSION="14.2" ORIENTATION="HORIZONTAL">
<Workspace>
<NODES>
<NODE CLASS="SASHELP.EMCORE.EMCODETOOL.CLASS" COMPONENT="SASCode" ID="EMCODE" X="548" Y="661" DESCRIPTION="Sigmoid parms vs C" DIAGRAMID="_ROOT_" PARENTID="" TOOLTYPE="UTILITY" TOOLPREFIX="EMCODE">
<PROPERTIES UsePriors="Y" ToolType="UTILITY" DataNeeded="N" PublishCode="PUBLISH" ScoreCodeFormat="DATASTEP" MetaAdvisor="BASIC" ForceRun="N" RunAction="Train" Component="SASCode">
<VariableProperties/>
<EmTargetAttributes/>
<EmVariableAttributes/>
<EmFileProperties>
<USERTRAINCODE Type="EXTERNAL" Extension="sas">
<Data><![CDATA[
%macro hpsvm (run=1,runLabel=,penalty=10,method=activeSet,kernel=RBF, kpar1=1, kpar2=1);
 
%if &amp;Kernel=linear %then %let kernelStatement=&amp;kernel;
%if &amp;Kernel=polynom %then %let kernelStatement=&amp;kernel;
%if &amp;Kernel=RBF %then %let kernelStatement= &amp;kernel. K_PAR=&amp;kpar1;
%if &amp;Kernel=SIGMOID %then %let kernelStatement=&amp;kernel. K_PAR=&amp;kpar1 K_PAR2=&amp;kpar2;
 
 
               proc hpsvm data=&amp;em_import_data maxiter=25 method = &amp;method. tolerance=0.000001 c = &amp;Penalty.;
                   input  %em_interval_input / level = interval;
                   target %em_target / level = binary ;
                   kernel &amp;kernelStatement.;
                   partition fraction (validate=.3 seed=12345);
                   ods output fitStatistics=fitStats&amp;run.;
               run;
 
               data fitStats&amp;run.;
                              length method $ 10;
                              length kernel $ 30;
                              length runLabel $ 64;
                              set fitStats&amp;run.;
                              run = &amp;run;
                              runLabel = &quot;&amp;runLabel&quot;;
                              method=&quot;&amp;method.&quot;;
                              kernel=&quot;&amp;kernelStatement.&quot;;
                              penalty=&amp;penalty.;
                              kpar1 = &amp;kpar1.;
                              kpar2 = &amp;kpar2.;
               run;
 
   proc print data=fitStats&amp;run.;
               run;
 
               proc append base=fitStats data=fitStats&amp;run.;
               run;
 
 
%mend hpsvm;
 
 
%macro runstudy(c=1,kpar1=1,kpar2=-.1 -.5 -1 -2 -10);
 
    %let nkpar2 = %sysfunc(countw(&amp;kpar2.));
*    %let nkpar1 = %sysfunc(countw(&amp;kpar1.));
 
*%put nkpar1 &amp;nkpar1;
%put nkpar2 &amp;nkpar2;
 
    %do i = 1 %to &amp;nkpar2;
          %let thiskpar2 = %sysfunc(scan(&amp;kpar2.,&amp;i));
          %put thiskpar2 &amp;thiskpar2.;
 
			   %hpsvm(run=1,runLabel=Sigmoid-&amp;kpar1&amp;thiskpar2 c=&amp;c,method=activeSet,kernel=SIGMOID,penalty=&amp;c,kpar1=&amp;kpar1,kpar2=&amp;thiskpar2);	
 
	 %end;
%mend runstudy;

%runstudy(c=1,kpar1=.1,kpar2=-.1 -.3 -.5 -.7 -1 -1.5 -2 -4 -6 -8 -10);
%runstudy(c=1,kpar1=.3,kpar2=-.1 -.3 -.5 -.7 -1 -1.5 -2 -4 -6 -8 -10);
%runstudy(c=1,kpar1=.5,kpar2=-.1 -.3 -.5 -.7 -1 -1.5 -2 -4 -6 -8 -10);
%runstudy(c=1,kpar1=.7,kpar2=-.1 -.3 -.5 -.7 -1 -1.5 -2 -4 -6 -8 -10);
%runstudy(c=1,kpar1=1,kpar2=-.1 -.3 -.5 -.7 -1 -1.5 -2 -4 -6 -8 -10);
%runstudy(c=1,kpar1=1.5,kpar2=-.1 -.3 -.5 -.7 -1 -1.5 -2 -4 -6 -8 -10); 
%runstudy(c=1,kpar1=2,kpar2=-.1 -.3 -.5 -.7 -1 -1.5 -2 -4 -6 -8 -10);
%runstudy(c=1,kpar1=5,kpar2=-.1 -.3 -.5 -.7 -1 -1.5 -2 -4 -6 -8 -10); 
%runstudy(c=1,kpar1=6,kpar2=-.1 -.3 -.5 -.7 -1 -1.5 -2 -4 -6 -8 -10); 
%runstudy(c=1,kpar1=8,kpar2=-.1 -.3 -.5 -.7 -1 -1.5 -2 -4 -6 -8 -10); 

 

 
 
/*
%hpsvm(run=1,runLabel=Sigmoid-.1-.1 c=10,method=activeSet,kernel=SIGMOID,penalty=10,kpar1=1, kpar2=-.1);
%hpsvm(run=2,runLabel=Sigmoid-.1-.5 c=10,method=activeSet,kernel=SIGMOID,penalty=10,kpar1=1, kpar2=-.5);
%hpsvm(run=3,runLabel=Sigmoid-.1-1 c=10,method=activeSet,kernel=SIGMOID,penalty=10,kpar1=1, kpar2=-1);
%hpsvm(run=4,runLabel=Sigmoid-.1-2 c=10,method=activeSet,kernel=SIGMOID,penalty=10,kpar1=1, kpar2=-2);
%hpsvm(run=5,runLabel=Sigmoid-.1-10 c=10,method=activeSet,kernel=SIGMOID,penalty=10,kpar1=1, kpar2=-10);

%hpsvm(run=1,runLabel=Sigmoid-1-.1 c=10,method=activeSet,kernel=SIGMOID,penalty=10,kpar1=1, kpar2=-.1);
%hpsvm(run=2,runLabel=Sigmoid-1-.5 c=10,method=activeSet,kernel=SIGMOID,penalty=10,kpar1=1, kpar2=-.5);
%hpsvm(run=3,runLabel=Sigmoid-1-1 c=10,method=activeSet,kernel=SIGMOID,penalty=10,kpar1=1, kpar2=-1);
%hpsvm(run=4,runLabel=Sigmoid-1-2 c=10,method=activeSet,kernel=SIGMOID,penalty=10,kpar1=1, kpar2=-2);
%hpsvm(run=5,runLabel=Sigmoid-1-10 c=10,method=activeSet,kernel=SIGMOID,penalty=10,kpar1=1, kpar2=-10);

*/

 
data fitStats;
               retain run runLabel method kernel penalty;
               set fitStats;
run;
 
 
proc print data=fitStats;
run;
 
 
%em_register(type=Data,key=fitStats);
 
data &amp;em_user_fitStats;
               retain Penalty;
   set fitStats;
run;
 
%em_report(viewType=data,key=fitStats,autodisplay=y,group=runLabel,description=Fit Statistics by Run);
 
 
%em_register(type=Data,key=Error);
 
data &amp;em_user_Error;
   set fitStats;
   if statistic = 'Error';
run;
 
%em_report(viewType=lineplot,key=Error,x=penalty,y=validation,group=runLabel,description=Classification Error by penalty,autodisplay=y);
 
 
%em_register(type=Data,key=Sensitivity);
 
data &amp;em_user_Sensitivity;
   set fitStats;
   if statistic = 'Sensitivity';
run;
 
%em_report(viewType=lineplot,key=Sensitivity,x=penalty,y=validation,group=runLabel,description=Sensitivity by penalty,autodisplay=y);
 
 
 
%em_report(
key=Error,
viewtype=Surface,
x=kpar1,
y=kpar2,
z=validation,
color=penalty,
description=Error (Validation),
autodisplay=Y);
 
]]>
</Data>
</USERTRAINCODE>
<EMNOTES Type="EXTERNAL" Extension="txt">
<Data/>
</EMNOTES>
</EmFileProperties>
</PROPERTIES>
</NODE>
<NODE CLASS="SASHELP.EMCORE.EMCODETOOL.CLASS" COMPONENT="SASCode" ID="EMCODE2" X="540" Y="474" DESCRIPTION="All kernels vs C" DIAGRAMID="_ROOT_" PARENTID="" TOOLTYPE="UTILITY" TOOLPREFIX="EMCODE">
<PROPERTIES UsePriors="Y" ToolType="UTILITY" DataNeeded="N" PublishCode="PUBLISH" ScoreCodeFormat="DATASTEP" MetaAdvisor="BASIC" ForceRun="N" RunAction="Train" Component="SASCode">
<VariableProperties/>
<EmVariableAttributes/>
<EmTargetAttributes/>
<EmFileProperties>
<USERTRAINCODE Type="EXTERNAL" Extension="sas">
<Data><![CDATA[
%macro hpsvm (run=1,runLabel=,penalty=10,method=activeSet,kernel=RBF);


   proc hpsvm data=&amp;em_import_data maxiter=25 method = &amp;method. tolerance=0.000001 c = &amp;Penalty.;
     input  %em_interval_input / level = interval;
     target %em_target / level = binary ;
     kernel &amp;kernel.;
     partition fraction (validate=.3 seed=12345);
     ods output fitStatistics=fitStats&amp;run.;
   run;

   data fitStats&amp;run.;
     length method $ 10;
     length kernel $ 10;
     length runLabel $ 64;
     set fitStats&amp;run.;
     run = &amp;run;
     runLabel = &quot;&amp;runLabel&quot;;
     method=&quot;&amp;method.&quot;;
     kernel=&quot;&amp;kernel.&quot;;
     penalty=&amp;penalty.;
   run;

   proc print data=fitStats&amp;run.;
   run; 

   proc append base=fitStats data=fitStats&amp;run.;
   run; 

%mend hpsvm;

%hpsvm(run=1,runLabel=RBF c=1,method=activeSet,kernel=RBF,penalty=1);
%hpsvm(run=2,runLabel=RBF c=5,method=activeSet,kernel=RBF,penalty=5);
%hpsvm(run=3,runLabel=RBF c=10,method=activeSet,kernel=RBF,penalty=10);
%hpsvm(run=4,runLabel=RBF c=15,method=activeSet,kernel=RBF,penalty=15);
%hpsvm(run=5,runLabel=RBF c=20,method=activeSet,kernel=RBF,penalty=20);

%hpsvm(run=6,runLabel=Linear c=1,method=ipoint,kernel=linear,penalty=1);
%hpsvm(run=7,runLabel=Linear c=5,method=ipoint,kernel=linear,penalty=5);
%hpsvm(run=8,runLabel=Linear c=10,method=ipoint,kernel=linear,penalty=10);
%hpsvm(run=9,runLabel=Linear c=15,method=ipoint,kernel=linear,penalty=15);
%hpsvm(run=10,runLabel=Linear c=20,method=ipoint,kernel=linear,penalty=20);

%hpsvm(run=11,runLabel=RBF c=1,method=ipoint,kernel=POLYNOM,penalty=1);
%hpsvm(run=12,runLabel=RBF c=5,method=ipoint,kernel=POLYNOM,penalty=5);
%hpsvm(run=13,runLabel=RBF c=10,method=ipoint,kernel=POLYNOM,penalty=10);
%hpsvm(run=14,runLabel=RBF c=15,method=ipoint,kernel=POLYNOM,penalty=15);
%hpsvm(run=15,runLabel=RBF c=20,method=ipoint,kernel=POLYNOM,penalty=20);

%hpsvm(run=16,runLabel=Linear c=1,method=activeSet,kernel=SIGMOID,penalty=1);
%hpsvm(run=17,runLabel=Linear c=5,method=activeSet,kernel=SIGMOID,penalty=5);
%hpsvm(run=18,runLabel=Linear c=10,method=activeSet,kernel=SIGMOID,penalty=10);
%hpsvm(run=19,runLabel=Linear c=15,method=activeSet,kernel=SIGMOID,penalty=15);
%hpsvm(run=20,runLabel=Linear c=20,method=activeSet,kernel=SIGMOID,penalty=20);


data fitStats;
  retain run runLabel method kernel penalty;
  set fitStats;
run; 


proc print data=fitStats;
run; 


%em_register(type=Data,key=fitStats);

data &amp;em_user_fitStats;
   retain Penalty;
   set fitStats;
run; 

%em_report(viewType=data,key=fitStats,autodisplay=y,description=Fit Statistics by Run);

%em_register(type=Data,key=Error);

data &amp;em_user_Error;
   set fitStats;
   if statistic = 'Error';
run; 

%em_report(viewType=lineplot,key=Error,x=penalty,y=validation,group=kernel,description=Classification Error by penalty,autodisplay=y);


%em_register(type=Data,key=Sensitivity);

data &amp;em_user_Sensitivity;
   set fitStats;
   if statistic = 'Sensitivity';
run; 

%em_report(viewType=lineplot,key=Sensitivity,x=penalty,y=validation,group=kernel,description=Sensitivity by penalty,autodisplay=y);


%em_register(type=Data,key=Specificity);

data &amp;em_user_Specificity;
   set fitStats;
   if statistic = 'Specificity';
run; 

%em_report(viewType=lineplot,key=Specificity,x=penalty,y=validation,group=kernel,description=Specificity by penalty,autodisplay=y);
]]>
</Data>
</USERTRAINCODE>
<EMNOTES Type="EXTERNAL" Extension="txt">
<Data/>
</EMNOTES>
</EmFileProperties>
</PROPERTIES>
</NODE>
<NODE CLASS="SASHELP.EMCORE.EMCODETOOL.CLASS" COMPONENT="SASCode" ID="EMCODE3" X="543" Y="531" DESCRIPTION="RBF parms vs C" DIAGRAMID="_ROOT_" PARENTID="" TOOLTYPE="UTILITY" TOOLPREFIX="EMCODE">
<PROPERTIES UsePriors="Y" ToolType="UTILITY" DataNeeded="N" PublishCode="PUBLISH" ScoreCodeFormat="DATASTEP" MetaAdvisor="BASIC" ForceRun="N" RunAction="Train" Component="SASCode">
<VariableProperties/>
<EmTargetAttributes/>
<EmVariableAttributes/>
<EmFileProperties>
<USERTRAINCODE Type="EXTERNAL" Extension="sas">
<Data><![CDATA[
%macro hpsvm (run=1,runLabel=,penalty=10,method=activeSet,kernel=RBF, kpar1=1, kpar2=1);
 
%if &amp;Kernel=linear %then %let kernelStatement=&amp;kernel;
%if &amp;Kernel=polynom %then %let kernelStatement=&amp;kernel;
%if &amp;Kernel=RBF %then %let kernelStatement= &amp;kernel. K_PAR=&amp;kpar1;
%if &amp;Kernel=SIGMOID %then %let kernelStatement=&amp;kernel. K_PAR=&amp;kpar1 K_PAR2=&amp;kpar2;

 
  proc hpsvm data=&amp;em_import_data maxiter=25 method = &amp;method. tolerance=0.000001 c = &amp;Penalty.;
    input  %em_interval_input / level = interval;
    target %em_target / level = binary ;
    kernel &amp;kernelStatement.;
    partition fraction (validate=.3 seed=12345);
    ods output fitStatistics=fitStats&amp;run.;
  run;
 
  data fitStats&amp;run.;
    length method $ 10;
    length kernel $ 30;
    length runLabel $ 64;
    set fitStats&amp;run.;
    run = &amp;run;
    runLabel = &quot;&amp;runLabel&quot;;
    method=&quot;&amp;method.&quot;;
    kernel=&quot;&amp;kernelStatement.&quot;;
    penalty=&amp;penalty.;
  run;
 
  proc print data=fitStats&amp;run.;
  run;
 
  proc append base=fitStats data=fitStats&amp;run.;
  run;
 
%mend hpsvm;
 
%hpsvm(run=1,runLabel=RBF-.1 c=1,method=activeSet,kernel=RBF,penalty=1,kpar1=.1);
%hpsvm(run=2,runLabel=RBF-1 c=1,method=activeSet,kernel=RBF,penalty=1,kpar1=1);
%hpsvm(run=3,runLabel=RBF-5 c=1,method=activeSet,kernel=RBF,penalty=1,kpar1=5);
%hpsvm(run=4,runLabel=RBF-10 c=1,method=activeSet,kernel=RBF,penalty=1,kpar1=10);
%hpsvm(run=5,runLabel=RBF-20 c=1,method=activeSet,kernel=RBF,penalty=1,kpar1=20);
 
%hpsvm(run=1,runLabel=RBF-.1 c=5,method=activeSet,kernel=RBF,penalty=5,kpar1=.1);
%hpsvm(run=2,runLabel=RBF-1 c=5,method=activeSet,kernel=RBF,penalty=5,kpar1=1);
%hpsvm(run=3,runLabel=RBF-5 c=5,method=activeSet,kernel=RBF,penalty=5,kpar1=5);
%hpsvm(run=4,runLabel=RBF-10 c=5,method=activeSet,kernel=RBF,penalty=5,kpar1=10);
%hpsvm(run=5,runLabel=RBF-20 c=5,method=activeSet,kernel=RBF,penalty=5,kpar1=20);

%hpsvm(run=1,runLabel=RBF-.1 c=10,method=activeSet,kernel=RBF,penalty=10,kpar1=.1);
%hpsvm(run=2,runLabel=RBF-1 c=10,method=activeSet,kernel=RBF,penalty=10,kpar1=1);
%hpsvm(run=3,runLabel=RBF-5 c=10,method=activeSet,kernel=RBF,penalty=10,kpar1=5);
%hpsvm(run=4,runLabel=RBF-10 c=10,method=activeSet,kernel=RBF,penalty=10,kpar1=10);
%hpsvm(run=5,runLabel=RBF-20 c=10,method=activeSet,kernel=RBF,penalty=10,kpar1=20);

%hpsvm(run=1,runLabel=RBF-.1 c=15,method=activeSet,kernel=RBF,penalty=15,kpar1=.1);
%hpsvm(run=2,runLabel=RBF-1 c=15,method=activeSet,kernel=RBF,penalty=15,kpar1=1);
%hpsvm(run=3,runLabel=RBF-5 c=15,method=activeSet,kernel=RBF,penalty=15,kpar1=5);
%hpsvm(run=4,runLabel=RBF-10 c=15,method=activeSet,kernel=RBF,penalty=15,kpar1=10);
%hpsvm(run=5,runLabel=RBF-20 c=15,method=activeSet,kernel=RBF,penalty=15,kpar1=20);

%hpsvm(run=1,runLabel=RBF-.1 c=20,method=activeSet,kernel=RBF,penalty=20,kpar1=.1);
%hpsvm(run=2,runLabel=RBF-1 c=20,method=activeSet,kernel=RBF,penalty=20,kpar1=1);
%hpsvm(run=3,runLabel=RBF-5 c=20,method=activeSet,kernel=RBF,penalty=20,kpar1=5);
%hpsvm(run=4,runLabel=RBF-10 c=20,method=activeSet,kernel=RBF,penalty=20,kpar1=10);
%hpsvm(run=5,runLabel=RBF-20 c=20,method=activeSet,kernel=RBF,penalty=20,kpar1=20);

 
data fitStats;
  retain run runLabel method kernel penalty;
  set fitStats;
run;
 
 
proc print data=fitStats;
run;
 
 
%em_register(type=Data,key=fitStats);
 
data &amp;em_user_fitStats;
  retain Penalty;
  set fitStats;
run;
 
%em_report(viewType=data,key=fitStats,autodisplay=y,description=Fit Statistics by Run);
 
 
%em_register(type=Data,key=Error);
 
data &amp;em_user_Error;
   set fitStats;
   if statistic = 'Error';
run;
 
%em_report(viewType=lineplot,key=Error,x=penalty,y=validation,group=kernel,description=Classification Error by penalty,autodisplay=y);
 
 
%em_register(type=Data,key=Sensitivity);
 
data &amp;em_user_Sensitivity;
   set fitStats;
   if statistic = 'Sensitivity';
run;
 
%em_report(viewType=lineplot,key=Sensitivity,x=penalty,y=validation,group=kernel,description=Sensitivity by penalty,autodisplay=y);
 
 
%em_register(type=Data,key=Specificity);
 
data &amp;em_user_Specificity;
   set fitStats;
   if statistic = 'Specificity';
run;
 
%em_report(viewType=lineplot,key=Specificity,x=penalty,y=validation,group=kernel,description=Specificity by penalty,autodisplay=y);
 
]]>
</Data>
</USERTRAINCODE>
<EMNOTES Type="EXTERNAL" Extension="txt">
<Data/>
</EMNOTES>
</EmFileProperties>
</PROPERTIES>
</NODE>
<NODE CLASS="SASHELP.EMCORE.EMCODETOOL.CLASS" COMPONENT="SASCode" ID="EMCODE5" X="544" Y="592" DESCRIPTION="Polynom parms vs C" DIAGRAMID="_ROOT_" PARENTID="" TOOLTYPE="UTILITY" TOOLPREFIX="EMCODE">
<PROPERTIES UsePriors="Y" ToolType="UTILITY" DataNeeded="N" PublishCode="PUBLISH" ScoreCodeFormat="DATASTEP" MetaAdvisor="BASIC" ForceRun="N" RunAction="Train" Component="SASCode">
<VariableProperties/>
<EmTargetAttributes/>
<EmVariableAttributes/>
<EmFileProperties>
<USERTRAINCODE Type="EXTERNAL" Extension="sas">
<Data><![CDATA[
%macro hpsvm (run=1,runLabel=,penalty=10,method=activeSet,kernel=RBF, kpar1=1, kpar2=1);
 
%if &amp;Kernel=linear %then %let kernelStatement=&amp;kernel;
%if &amp;Kernel=Polynom %then %let kernelStatement=&amp;kernel. K_PAR=&amp;kpar1;
%if &amp;Kernel=RBF %then %let kernelStatement=&amp;kernel. K_PAR=&amp;kpar1;
%if &amp;Kernel=SIGMOID %then %let kernelStatement=&amp;kernel. K_PAR=&amp;kpar1 K_PAR2=&amp;kpar2;
 
 
               proc hpsvm data=&amp;em_import_data maxiter=25 method = &amp;method. tolerance=0.000001 c = &amp;Penalty.;
                   input  %em_interval_input / level = interval;
                   target %em_target / level = binary ;
                   kernel &amp;kernelStatement.;
                   partition fraction (validate=.3 seed=12345);
                   ods output fitStatistics=fitStats&amp;run.;
               run;
 
               data fitStats&amp;run.;
                              length method $ 10;
      length kernel $ 30;
      length runLabel $ 64;
                              set fitStats&amp;run.;
                              run = &amp;run;
      runLabel = &quot;&amp;runLabel&quot;;
                              method=&quot;&amp;method.&quot;;
                              kernel=&quot;&amp;kernelStatement.&quot;;
                              penalty=&amp;penalty.;
               run;
 
   proc print data=fitStats&amp;run.;
               run;
 
               proc append base=fitStats data=fitStats&amp;run.;
               run;
 
 
%mend hpsvm;
 
%hpsvm(run=1,runLabel=Polynom-2 c=.1,method=activeSet,kernel=Polynom,penalty=.1,kpar1=2);
%hpsvm(run=2,runLabel=Polynom-3 c=.1,method=activeSet,kernel=Polynom,penalty=.1,kpar1=3);
%hpsvm(run=3,runLabel=Polynom-4 c=.1,method=activeSet,kernel=Polynom,penalty=.1,kpar1=4);

%hpsvm(run=4,runLabel=Polynom-2 c=1,method=activeSet,kernel=Polynom,penalty=1,kpar1=2);
%hpsvm(run=5,runLabel=Polynom-3 c=1,method=activeSet,kernel=Polynom,penalty=1,kpar1=3);
%hpsvm(run=6,runLabel=Polynom-4 c=1,method=activeSet,kernel=Polynom,penalty=1,kpar1=4);
 
%hpsvm(run=7,runLabel=Polynom-2 c=5,method=activeSet,kernel=Polynom,penalty=5,kpar1=2);
%hpsvm(run=8,runLabel=Polynom-3 c=5,method=activeSet,kernel=Polynom,penalty=5,kpar1=3);
%hpsvm(run=9,runLabel=Polynom-4 c=5,method=activeSet,kernel=Polynom,penalty=5,kpar1=4);

%hpsvm(run=10,runLabel=Polynom-2 c=10,method=activeSet,kernel=Polynom,penalty=10,kpar1=2);
%hpsvm(run=11,runLabel=Polynom-3 c=10,method=activeSet,kernel=Polynom,penalty=10,kpar1=3);
%hpsvm(run=12,runLabel=Polynom-4 c=10,method=activeSet,kernel=Polynom,penalty=10,kpar1=4);

%hpsvm(run=13,runLabel=Polynom-2 c=20,method=activeSet,kernel=Polynom,penalty=20,kpar1=2);
%hpsvm(run=14,runLabel=Polynom-3 c=20,method=activeSet,kernel=Polynom,penalty=20,kpar1=3);
%hpsvm(run=15,runLabel=Polynom-4 c=20,method=activeSet,kernel=Polynom,penalty=20,kpar1=4);
 
 
 
data fitStats;
               retain run runLabel method kernel penalty;
               set fitStats;
run;
 
 
proc print data=fitStats;
run;
 
 
%em_register(type=Data,key=fitStats);
 
data &amp;em_user_fitStats;
               retain Penalty;
   set fitStats;
run;
 
%em_report(viewType=data,key=fitStats,autodisplay=y,description=Fit Statistics by Run);
 
 
%em_register(type=Data,key=Error);
 
data &amp;em_user_Error;
   set fitStats;
   if statistic = 'Error';
run;
 
%em_report(viewType=lineplot,key=Error,x=penalty,y=validation,group=kernel,description=Classification Error by penalty,autodisplay=y);
 
 
%em_register(type=Data,key=Sensitivity);
 
data &amp;em_user_Sensitivity;
   set fitStats;
   if statistic = 'Sensitivity';
run;
 
%em_report(viewType=lineplot,key=Sensitivity,x=penalty,y=validation,group=kernel,description=Sensitivity by penalty,autodisplay=y);
 
 
%em_register(type=Data,key=Specificity);
 
data &amp;em_user_Specificity;
   set fitStats;
   if statistic = 'Specificity';
run;
 
%em_report(viewType=lineplot,key=Specificity,x=penalty,y=validation,group=kernel,description=Specificity by penalty,autodisplay=y);
 
 
]]>
</Data>
</USERTRAINCODE>
<EMNOTES Type="EXTERNAL" Extension="txt">
<Data/>
</EMNOTES>
</EmFileProperties>
</PROPERTIES>
</NODE>
<NODE CLASS="SASHELP.EMCORE.EMCODETOOL.CLASS" COMPONENT="SASCode" ID="EMCODE6" X="546" Y="1133" DESCRIPTION="All kernels vs C" DIAGRAMID="_ROOT_" PARENTID="" TOOLTYPE="UTILITY" TOOLPREFIX="EMCODE">
<PROPERTIES UsePriors="Y" ToolType="UTILITY" DataNeeded="N" PublishCode="PUBLISH" ScoreCodeFormat="DATASTEP" MetaAdvisor="BASIC" ForceRun="N" RunAction="Train" Component="SASCode">
<VariableProperties/>
<EmTargetAttributes/>
<EmVariableAttributes/>
<EmFileProperties>
<USERTRAINCODE Type="EXTERNAL" Extension="sas">
<Data><![CDATA[
%macro hpsvm (run=1,runLabel=,penalty=10,method=activeSet,kernel=RBF);
 
 
               proc hpsvm data=&amp;em_import_data maxiter=25 method = &amp;method. tolerance=0.000001 c = &amp;Penalty.;
                   input  %em_interval_input / level = interval;
                   target %em_target / level = binary ;
                   kernel &amp;kernel.;
                   partition fraction (validate=.3 seed=12345);
                   ods output fitStatistics=fitStats&amp;run.;
               run;
 
               data fitStats&amp;run.;
                              length method $ 10;
      length kernel $ 10;
      length runLabel $ 64;
                              set fitStats&amp;run.;
                              run = &amp;run;
      runLabel = &quot;&amp;runLabel&quot;;
                              method=&quot;&amp;method.&quot;;
                              kernel=&quot;&amp;kernel.&quot;;
                              penalty=&amp;penalty.;
               run;
 
   proc print data=fitStats&amp;run.;
               run;
 
               proc append base=fitStats data=fitStats&amp;run.;
               run;
 
 
%mend hpsvm;
 
%hpsvm(run=1,runLabel=RBF c=1,method=activeSet,kernel=RBF,penalty=1);
%hpsvm(run=2,runLabel=RBF c=5,method=activeSet,kernel=RBF,penalty=5);
%hpsvm(run=3,runLabel=RBF c=10,method=activeSet,kernel=RBF,penalty=10);
%hpsvm(run=4,runLabel=RBF c=15,method=activeSet,kernel=RBF,penalty=15);
%hpsvm(run=5,runLabel=RBF c=20,method=activeSet,kernel=RBF,penalty=20);
 
%hpsvm(run=6,runLabel=Linear c=1,method=ipoint,kernel=linear,penalty=1);
%hpsvm(run=7,runLabel=Linear c=5,method=ipoint,kernel=linear,penalty=5);
%hpsvm(run=8,runLabel=Linear c=10,method=ipoint,kernel=linear,penalty=10);
%hpsvm(run=9,runLabel=Linear c=15,method=ipoint,kernel=linear,penalty=15);
%hpsvm(run=10,runLabel=Linear c=20,method=ipoint,kernel=linear,penalty=20);
 
%hpsvm(run=11,runLabel=RBF c=1,method=ipoint,kernel=POLYNOM,penalty=1);
%hpsvm(run=12,runLabel=RBF c=5,method=ipoint,kernel=POLYNOM,penalty=5);
%hpsvm(run=13,runLabel=RBF c=10,method=ipoint,kernel=POLYNOM,penalty=10);
%hpsvm(run=14,runLabel=RBF c=15,method=ipoint,kernel=POLYNOM,penalty=15);
%hpsvm(run=15,runLabel=RBF c=20,method=ipoint,kernel=POLYNOM,penalty=20);
 
%hpsvm(run=16,runLabel=Linear c=1,method=activeSet,kernel=SIGMOID,penalty=1);
%hpsvm(run=17,runLabel=Linear c=5,method=activeSet,kernel=SIGMOID,penalty=5);
%hpsvm(run=18,runLabel=Linear c=10,method=activeSet,kernel=SIGMOID,penalty=10);
%hpsvm(run=19,runLabel=Linear c=15,method=activeSet,kernel=SIGMOID,penalty=15);
%hpsvm(run=20,runLabel=Linear c=20,method=activeSet,kernel=SIGMOID,penalty=20);
 
 
 
data fitStats;
               retain run runLabel method kernel penalty;
               set fitStats;
run;
 
 
proc print data=fitStats;
run;
 
 
%em_register(type=Data,key=fitStats);
 
data &amp;em_user_fitStats;
               retain Penalty;
   set fitStats;
run;
 
%em_report(viewType=data,key=fitStats,autodisplay=y,description=Fit Statistics by Run);
 
 
%em_register(type=Data,key=Error);
 
data &amp;em_user_Error;
   set fitStats;
   if statistic = 'Error';
run;
 
%em_report(viewType=lineplot,key=Error,x=penalty,y=validation,group=kernel,description=Classification Error by penalty,autodisplay=y);
 
 
%em_register(type=Data,key=Sensitivity);
 
data &amp;em_user_Sensitivity;
   set fitStats;
   if statistic = 'Sensitivity';
run;
 
%em_report(viewType=lineplot,key=Sensitivity,x=penalty,y=validation,group=kernel,description=Sensitivity by penalty,autodisplay=y);
 
 
%em_register(type=Data,key=Specificity);
 
data &amp;em_user_Specificity;
   set fitStats;
   if statistic = 'Specificity';
run;
 
%em_report(viewType=lineplot,key=Specificity,x=penalty,y=validation,group=kernel,description=Specificity by penalty,autodisplay=y);
 
]]>
</Data>
</USERTRAINCODE>
<EMNOTES Type="EXTERNAL" Extension="txt">
<Data/>
</EMNOTES>
</EmFileProperties>
</PROPERTIES>
</NODE>
<NODE CLASS="SASHELP.EMCORE.EXTENSION.CLASS" COMPONENT="FileImport" ID="FIMPORT" X="138" Y="396" DESCRIPTION="Banana" DIAGRAMID="_ROOT_" PARENTID="" TOOLTYPE="SAMPLE" TOOLPREFIX="FIMPORT">
<PROPERTIES Location="CATALOG" Catalog="SASHELP.EMSAMP.Fimport.SOURCE" ImportType="Local" GuessRows="500" Delimiter="," NameRow="Y" SkipRows="0" MaxRows="1000000" MaxCols="10000" FileType="csv" Role="TRAIN" ForceRun="Y" Summarize="N" AdvancedAdvisor="N" RunAction="Train" Component="FileImport" IFileName="C:\Users\brwuje\Documents\SGF15\ForestSVM-tuned\Banana\banana_train_1.csv" AccessTable="NoTableName" UserID="NoUserID" Password="NoPassword">
<VariableProperties/>
<EmVariableAttributes>
<DELTA Variable="Target" AttributeName="LEVEL" AttributeValue="BINARY"/>
</EmVariableAttributes>
<EmTargetAttributes/>
<EmFileProperties>
<USERTRAINCODE Type="EXTERNAL" Extension="sas">
<Data/>
</USERTRAINCODE>
<VARIABLESETDELTA Type="EXTERNAL" Extension="txt">
<Data><![CDATA[
if NAME=&quot;Target&quot; then do;
ROLE=&quot;TARGET&quot;;
LEVEL=&quot;BINARY&quot;;
ORDER=&quot;&quot;;
DROP=&quot;N&quot;;
end;
]]>
</Data>
</VARIABLESETDELTA>
<DELTACODE Type="EXTERNAL" Extension="txt">
<Data><![CDATA[
if NAME=&quot;Target&quot; then do;
ROLE=&quot;TARGET&quot;;
LEVEL=&quot;BINARY&quot;;
ORDER=&quot;&quot;;
end;
drop DROP;
]]>
</Data>
</DELTACODE>
<EMNOTES Type="EXTERNAL" Extension="txt">
<Data/>
</EMNOTES>
</EmFileProperties>
</PROPERTIES>
</NODE>
<NODE CLASS="SASHELP.EMCORE.EXTENSION.CLASS" COMPONENT="GraphExplore" ID="GrfExpl" X="336" Y="1155" DESCRIPTION="Graph Explore" DIAGRAMID="_ROOT_" PARENTID="" TOOLTYPE="EXPLORE" TOOLPREFIX="GrfExpl">
<PROPERTIES Location="CATALOG" Catalog="SASHELP.EMEXPL.GRAPHEXPLORE.SOURCE" EmSampleMethod="RANDOM" EmSampleSize="DEFAULT" EmRandomSeed="12345" Target="Y" GroupByTarget="Y" ForceRun="N" RunAction="Train" Component="GraphExplore" DataSource="SAMPLE" DataNeeded="Y">
<VariableProperties/>
<EmVariableAttributes/>
<EmTargetAttributes/>
<EmFileProperties>
<USERTRAINCODE Type="EXTERNAL" Extension="sas">
<Data/>
</USERTRAINCODE>
<EMNOTES Type="EXTERNAL" Extension="txt">
<Data/>
</EMNOTES>
</EmFileProperties>
</PROPERTIES>
</NODE>
<NODE CLASS="SASHELP.EMCORE.EXTENSION.CLASS" COMPONENT="GraphExplore" ID="GrfExpl2" X="732" Y="1056" DESCRIPTION="Graph Explore (2)" DIAGRAMID="_ROOT_" PARENTID="" TOOLTYPE="EXPLORE" TOOLPREFIX="GrfExpl">
<PROPERTIES Location="CATALOG" Catalog="SASHELP.EMEXPL.GRAPHEXPLORE.SOURCE" EmSampleMethod="FIRSTN" EmSampleSize="DEFAULT" EmRandomSeed="12345" Target="Y" GroupByTarget="Y" ForceRun="N" RunAction="Train" Component="GraphExplore" DataSource="SAMPLE" DataNeeded="Y">
<VariableProperties/>
<EmVariableAttributes/>
<EmTargetAttributes/>
<EmFileProperties>
<USERTRAINCODE Type="EXTERNAL" Extension="sas">
<Data/>
</USERTRAINCODE>
<EMNOTES Type="EXTERNAL" Extension="txt">
<Data/>
</EMNOTES>
</EmFileProperties>
</PROPERTIES>
</NODE>
<NODE CLASS="SASHELP.EMCORE.EXTENSION.CLASS" COMPONENT="GraphExplore" ID="GrfExpl3" X="336" Y="495" DESCRIPTION="Graph" DIAGRAMID="_ROOT_" PARENTID="" TOOLTYPE="EXPLORE" TOOLPREFIX="GrfExpl">
<PROPERTIES Location="CATALOG" Catalog="SASHELP.EMEXPL.GRAPHEXPLORE.SOURCE" EmSampleMethod="FIRSTN" EmSampleSize="DEFAULT" EmRandomSeed="12345" Target="Y" GroupByTarget="Y" ForceRun="N" RunAction="Train" Component="GraphExplore" DataSource="SAMPLE" DataNeeded="Y">
<VariableProperties/>
<EmVariableAttributes/>
<EmTargetAttributes/>
<EmFileProperties>
<USERTRAINCODE Type="EXTERNAL" Extension="sas">
<Data/>
</USERTRAINCODE>
<EMNOTES Type="EXTERNAL" Extension="txt">
<Data/>
</EMNOTES>
</EmFileProperties>
</PROPERTIES>
</NODE>
<NODE CLASS="SASHELP.EMCORE.EXTENSION.CLASS" COMPONENT="HPDMSVM" ID="HPSVM" X="534" Y="1056" DESCRIPTION="HP SVM" DIAGRAMID="_ROOT_" PARENTID="" TOOLTYPE="MODEL" TOOLPREFIX="HPSVM">
<PROPERTIES Location="CATALOG" Catalog="SASHELP.HPDM.HPSVM.SOURCE" maxiter="25" missaslvl="N" tolerance="0.000001" penalty="16.7" method="ACTIVESET" interiorpointkernel="LINEAR" interiorpointdegree="2" activesetkernel="RBF" activesetdegree="2" rbfparameter="0.63" sigmoidparameter1="1.0" sigmoidparameter2="-1.0" ForceRun="N" RunAction="Train" Component="HPDMSVM">
<VariableProperties/>
<EmVariableAttributes/>
<EmTargetAttributes>
<Y>
<DecData Table="EMWS2.HPSVM_Y_DD">
<Data>
<Obs Y="1" COUNT="545" DATAPRIOR="0.778" TRAINPRIOR="0.7796852647" DECPRIOR="." DECISION1="1" DECISION2="0"/>
<Obs Y="0" COUNT="154" DATAPRIOR="0.222" TRAINPRIOR="0.2203147353" DECPRIOR="." DECISION1="0" DECISION2="1"/>
</Data>
<Metadata>
<Variable NAME="Y" LABEL="" LENGTH="32" FORMAT="" TYPE="C"/>
<Variable NAME="COUNT" LABEL="Level Counts" LENGTH="8" FORMAT="10." TYPE="N"/>
<Variable NAME="DATAPRIOR" LABEL="Data Proportions" LENGTH="8" FORMAT="" TYPE="N"/>
<Variable NAME="TRAINPRIOR" LABEL="Training Proportions" LENGTH="8" FORMAT="" TYPE="N"/>
<Variable NAME="DECPRIOR" LABEL="Decision Priors" LENGTH="8" FORMAT="" TYPE="N"/>
<Variable NAME="DECISION1" LABEL="1" LENGTH="8" FORMAT="" TYPE="N"/>
<Variable NAME="DECISION2" LABEL="0" LENGTH="8" FORMAT="" TYPE="N"/>
</Metadata>
</DecData>
<DecMeta Table="EMWS2.HPSVM_Y_DM">
<Data>
<Obs _TYPE_="MATRIX" VARIABLE="" LABEL="" LEVEL="PROFIT" EVENT="" ORDER="" FORMAT="" TYPE="" COST="" USE="N"/>
<Obs _TYPE_="TARGET" VARIABLE="Y" LABEL="" LEVEL="BINARY" EVENT="1" ORDER="" FORMAT="" TYPE="N" COST="" USE=""/>
<Obs _TYPE_="DECISION" VARIABLE="DECISION1" LABEL="1" LEVEL="" EVENT="" ORDER="" FORMAT="" TYPE="N" COST="" USE="Y"/>
<Obs _TYPE_="DECISION" VARIABLE="DECISION2" LABEL="0" LEVEL="" EVENT="" ORDER="" FORMAT="" TYPE="N" COST="" USE="Y"/>
<Obs _TYPE_="DATAPRIOR" VARIABLE="DATAPRIOR" LABEL="Data Prior" LEVEL="" EVENT="" ORDER="" FORMAT="" TYPE="N" COST="" USE="N"/>
<Obs _TYPE_="TRAINPRIOR" VARIABLE="TRAINPRIOR" LABEL="Training Prior" LEVEL="" EVENT="" ORDER="" FORMAT="" TYPE="N" COST="" USE="N"/>
<Obs _TYPE_="DECPRIOR" VARIABLE="DECPRIOR" LABEL="Decision Prior" LEVEL="" EVENT="" ORDER="" FORMAT="" TYPE="N" COST="" USE="N"/>
<Obs _TYPE_="PREDICTED" VARIABLE="P_Y1" LABEL="Predicted: Y=1" LEVEL="1" EVENT="" ORDER="" FORMAT="" TYPE="N" COST="" USE=""/>
<Obs _TYPE_="RESIDUAL" VARIABLE="R_Y1" LABEL="Residual: Y=1" LEVEL="1" EVENT="" ORDER="" FORMAT="" TYPE="N" COST="" USE=""/>
<Obs _TYPE_="PREDICTED" VARIABLE="P_Y0" LABEL="Predicted: Y=0" LEVEL="0" EVENT="" ORDER="" FORMAT="" TYPE="N" COST="" USE=""/>
<Obs _TYPE_="RESIDUAL" VARIABLE="R_Y0" LABEL="Residual: Y=0" LEVEL="0" EVENT="" ORDER="" FORMAT="" TYPE="N" COST="" USE=""/>
<Obs _TYPE_="FROM" VARIABLE="F_Y" LABEL="From: Y" LEVEL="" EVENT="" ORDER="" FORMAT="" TYPE="C" COST="" USE=""/>
<Obs _TYPE_="INTO" VARIABLE="I_Y" LABEL="Into: Y" LEVEL="" EVENT="" ORDER="" FORMAT="" TYPE="C" COST="" USE=""/>
</Data>
<Metadata>
<Variable NAME="_TYPE_" LABEL="Type" LENGTH="32" FORMAT="" TYPE="C"/>
<Variable NAME="VARIABLE" LABEL="Variable" LENGTH="32" FORMAT="" TYPE="C"/>
<Variable NAME="LABEL" LABEL="Label" LENGTH="256" FORMAT="" TYPE="C"/>
<Variable NAME="LEVEL" LABEL="Measurement Level" LENGTH="32" FORMAT="" TYPE="C"/>
<Variable NAME="EVENT" LABEL="Target Event" LENGTH="32" FORMAT="" TYPE="C"/>
<Variable NAME="ORDER" LABEL="Order" LENGTH="10" FORMAT="" TYPE="C"/>
<Variable NAME="FORMAT" LABEL="Format" LENGTH="32" FORMAT="" TYPE="C"/>
<Variable NAME="TYPE" LABEL="Type" LENGTH="1" FORMAT="" TYPE="C"/>
<Variable NAME="COST" LABEL="Cost" LENGTH="32" FORMAT="" TYPE="C"/>
<Variable NAME="USE" LABEL="Use" LENGTH="1" FORMAT="" TYPE="C"/>
</Metadata>
</DecMeta>
</Y>
</EmTargetAttributes>
<EmFileProperties>
<USERTRAINCODE Type="EXTERNAL" Extension="sas">
<Data/>
</USERTRAINCODE>
<EMNOTES Type="EXTERNAL" Extension="txt">
<Data/>
</EMNOTES>
</EmFileProperties>
</PROPERTIES>
</NODE>
<NODE CLASS="SASHELP.EMCORE.EXTENSION.CLASS" COMPONENT="HPDMSVM" ID="HPSVM2" X="536" Y="420" DESCRIPTION="Sigmoid" DIAGRAMID="_ROOT_" PARENTID="" TOOLTYPE="MODEL" TOOLPREFIX="HPSVM">
<PROPERTIES Location="CATALOG" Catalog="SASHELP.HPDM.HPSVM.SOURCE" maxiter="25" missaslvl="N" tolerance="0.000001" penalty="16.15" method="ACTIVESET" interiorpointkernel="LINEAR" interiorpointdegree="2" activesetkernel="SIGMOID" activesetdegree="2" rbfparameter="0.3" sigmoidparameter1="1.0" sigmoidparameter2="-1.0" ForceRun="N" RunAction="Train" Component="HPDMSVM">
<VariableProperties/>
<EmVariableAttributes/>
<EmTargetAttributes>
<Target>
<DecData Table="EMWS2.HPSVM2_Target_DD">
<Data>
<Obs TARGET="1" COUNT="151" DATAPRIOR="0.5431654676" TRAINPRIOR="0.5431654676" DECPRIOR="." DECISION1="1" DECISION2="0"/>
<Obs TARGET="-1" COUNT="127" DATAPRIOR="0.4568345324" TRAINPRIOR="0.4568345324" DECPRIOR="." DECISION1="0" DECISION2="1"/>
</Data>
<Metadata>
<Variable NAME="Target" LABEL="" LENGTH="32" FORMAT="" TYPE="C"/>
<Variable NAME="COUNT" LABEL="Level Counts" LENGTH="8" FORMAT="10." TYPE="N"/>
<Variable NAME="DATAPRIOR" LABEL="Data Proportions" LENGTH="8" FORMAT="" TYPE="N"/>
<Variable NAME="TRAINPRIOR" LABEL="Training Proportions" LENGTH="8" FORMAT="" TYPE="N"/>
<Variable NAME="DECPRIOR" LABEL="Decision Priors" LENGTH="8" FORMAT="" TYPE="N"/>
<Variable NAME="DECISION1" LABEL="1" LENGTH="8" FORMAT="" TYPE="N"/>
<Variable NAME="DECISION2" LABEL="-1" LENGTH="8" FORMAT="" TYPE="N"/>
</Metadata>
</DecData>
<DecMeta Table="EMWS2.HPSVM2_Target_DM">
<Data>
<Obs _TYPE_="MATRIX" VARIABLE="" LABEL="" LEVEL="PROFIT" EVENT="" ORDER="" FORMAT="" TYPE="" COST="" USE="N"/>
<Obs _TYPE_="TARGET" VARIABLE="Target" LABEL="" LEVEL="BINARY" EVENT="1" ORDER="" FORMAT="BEST12.0" TYPE="N" COST="" USE=""/>
<Obs _TYPE_="DECISION" VARIABLE="DECISION1" LABEL="1" LEVEL="" EVENT="" ORDER="" FORMAT="" TYPE="N" COST="" USE="Y"/>
<Obs _TYPE_="DECISION" VARIABLE="DECISION2" LABEL="-1" LEVEL="" EVENT="" ORDER="" FORMAT="" TYPE="N" COST="" USE="Y"/>
<Obs _TYPE_="DATAPRIOR" VARIABLE="DATAPRIOR" LABEL="Data Prior" LEVEL="" EVENT="" ORDER="" FORMAT="" TYPE="N" COST="" USE="N"/>
<Obs _TYPE_="TRAINPRIOR" VARIABLE="TRAINPRIOR" LABEL="Training Prior" LEVEL="" EVENT="" ORDER="" FORMAT="" TYPE="N" COST="" USE="N"/>
<Obs _TYPE_="DECPRIOR" VARIABLE="DECPRIOR" LABEL="Decision Prior" LEVEL="" EVENT="" ORDER="" FORMAT="" TYPE="N" COST="" USE="N"/>
<Obs _TYPE_="PREDICTED" VARIABLE="P_Target1" LABEL="Predicted: Target=1" LEVEL="1" EVENT="" ORDER="" FORMAT="" TYPE="N" COST="" USE=""/>
<Obs _TYPE_="RESIDUAL" VARIABLE="R_Target1" LABEL="Residual: Target=1" LEVEL="1" EVENT="" ORDER="" FORMAT="" TYPE="N" COST="" USE=""/>
<Obs _TYPE_="PREDICTED" VARIABLE="P_Target_1" LABEL="Predicted: Target=-1" LEVEL="-1" EVENT="" ORDER="" FORMAT="" TYPE="N" COST="" USE=""/>
<Obs _TYPE_="RESIDUAL" VARIABLE="R_Target_1" LABEL="Residual: Target=-1" LEVEL="-1" EVENT="" ORDER="" FORMAT="" TYPE="N" COST="" USE=""/>
<Obs _TYPE_="FROM" VARIABLE="F_Target" LABEL="From: Target" LEVEL="" EVENT="" ORDER="" FORMAT="" TYPE="C" COST="" USE=""/>
<Obs _TYPE_="INTO" VARIABLE="I_Target" LABEL="Into: Target" LEVEL="" EVENT="" ORDER="" FORMAT="" TYPE="C" COST="" USE=""/>
</Data>
<Metadata>
<Variable NAME="_TYPE_" LABEL="Type" LENGTH="32" FORMAT="" TYPE="C"/>
<Variable NAME="VARIABLE" LABEL="Variable" LENGTH="32" FORMAT="" TYPE="C"/>
<Variable NAME="LABEL" LABEL="Label" LENGTH="256" FORMAT="" TYPE="C"/>
<Variable NAME="LEVEL" LABEL="Measurement Level" LENGTH="32" FORMAT="" TYPE="C"/>
<Variable NAME="EVENT" LABEL="Target Event" LENGTH="32" FORMAT="" TYPE="C"/>
<Variable NAME="ORDER" LABEL="Order" LENGTH="10" FORMAT="" TYPE="C"/>
<Variable NAME="FORMAT" LABEL="Format" LENGTH="32" FORMAT="" TYPE="C"/>
<Variable NAME="TYPE" LABEL="Type" LENGTH="1" FORMAT="" TYPE="C"/>
<Variable NAME="COST" LABEL="Cost" LENGTH="32" FORMAT="" TYPE="C"/>
<Variable NAME="USE" LABEL="Use" LENGTH="1" FORMAT="" TYPE="C"/>
</Metadata>
</DecMeta>
</Target>
</EmTargetAttributes>
<EmFileProperties>
<USERTRAINCODE Type="EXTERNAL" Extension="sas">
<Data/>
</USERTRAINCODE>
<EMNOTES Type="EXTERNAL" Extension="txt">
<Data/>
</EMNOTES>
</EmFileProperties>
</PROPERTIES>
</NODE>
<NODE CLASS="SASHELP.EMCORE.EXTENSION.CLASS" COMPONENT="HPDMSVM" ID="HPSVM3" X="534" Y="957" DESCRIPTION="HP SVM untuned" DIAGRAMID="_ROOT_" PARENTID="" TOOLTYPE="MODEL" TOOLPREFIX="HPSVM">
<PROPERTIES Location="CATALOG" Catalog="SASHELP.HPDM.HPSVM.SOURCE" maxiter="25" missaslvl="N" tolerance="0.000001" penalty="1" method="IPOINT" interiorpointkernel="LINEAR" interiorpointdegree="2" activesetkernel="POLYNOM" activesetdegree="2" rbfparameter="1" sigmoidparameter1="1" sigmoidparameter2="-1" ForceRun="N" RunAction="Train" Component="HPDMSVM">
<VariableProperties/>
<EmVariableAttributes/>
<EmTargetAttributes>
<Y>
<DecData Table="EMWS2.HPSVM3_Y_DD">
<Data>
<Obs Y="1" COUNT="545" DATAPRIOR="0.7796852647" TRAINPRIOR="0.7796852647" DECPRIOR="." DECISION1="1" DECISION2="0"/>
<Obs Y="0" COUNT="154" DATAPRIOR="0.2203147353" TRAINPRIOR="0.2203147353" DECPRIOR="." DECISION1="0" DECISION2="1"/>
</Data>
<Metadata>
<Variable NAME="Y" LABEL="" LENGTH="32" FORMAT="" TYPE="C"/>
<Variable NAME="COUNT" LABEL="Level Counts" LENGTH="8" FORMAT="" TYPE="N"/>
<Variable NAME="DATAPRIOR" LABEL="Data Proportions" LENGTH="8" FORMAT="" TYPE="N"/>
<Variable NAME="TRAINPRIOR" LABEL="Training Proportions" LENGTH="8" FORMAT="" TYPE="N"/>
<Variable NAME="DECPRIOR" LABEL="Decision Priors" LENGTH="8" FORMAT="" TYPE="N"/>
<Variable NAME="DECISION1" LABEL="1" LENGTH="8" FORMAT="" TYPE="N"/>
<Variable NAME="DECISION2" LABEL="0" LENGTH="8" FORMAT="" TYPE="N"/>
</Metadata>
</DecData>
<DecMeta Table="EMWS2.HPSVM3_Y_DM">
<Data>
<Obs _TYPE_="MATRIX" VARIABLE="" LABEL="" LEVEL="PROFIT" EVENT="" ORDER="" FORMAT="" TYPE="" COST="" USE="N"/>
<Obs _TYPE_="TARGET" VARIABLE="Y" LABEL="" LEVEL="BINARY" EVENT="1" ORDER="" FORMAT="" TYPE="N" COST="" USE=""/>
<Obs _TYPE_="DECISION" VARIABLE="DECISION1" LABEL="1" LEVEL="" EVENT="" ORDER="" FORMAT="" TYPE="N" COST="" USE="Y"/>
<Obs _TYPE_="DECISION" VARIABLE="DECISION2" LABEL="0" LEVEL="" EVENT="" ORDER="" FORMAT="" TYPE="N" COST="" USE="Y"/>
<Obs _TYPE_="DATAPRIOR" VARIABLE="DATAPRIOR" LABEL="Data Prior" LEVEL="" EVENT="" ORDER="" FORMAT="" TYPE="N" COST="" USE="N"/>
<Obs _TYPE_="TRAINPRIOR" VARIABLE="TRAINPRIOR" LABEL="Training Prior" LEVEL="" EVENT="" ORDER="" FORMAT="" TYPE="N" COST="" USE="N"/>
<Obs _TYPE_="DECPRIOR" VARIABLE="DECPRIOR" LABEL="Decision Prior" LEVEL="" EVENT="" ORDER="" FORMAT="" TYPE="N" COST="" USE="N"/>
<Obs _TYPE_="PREDICTED" VARIABLE="P_Y1" LABEL="Predicted: Y=1" LEVEL="1" EVENT="" ORDER="" FORMAT="" TYPE="N" COST="" USE=""/>
<Obs _TYPE_="RESIDUAL" VARIABLE="R_Y1" LABEL="Residual: Y=1" LEVEL="1" EVENT="" ORDER="" FORMAT="" TYPE="N" COST="" USE=""/>
<Obs _TYPE_="PREDICTED" VARIABLE="P_Y0" LABEL="Predicted: Y=0" LEVEL="0" EVENT="" ORDER="" FORMAT="" TYPE="N" COST="" USE=""/>
<Obs _TYPE_="RESIDUAL" VARIABLE="R_Y0" LABEL="Residual: Y=0" LEVEL="0" EVENT="" ORDER="" FORMAT="" TYPE="N" COST="" USE=""/>
<Obs _TYPE_="FROM" VARIABLE="F_Y" LABEL="From: Y" LEVEL="" EVENT="" ORDER="" FORMAT="" TYPE="C" COST="" USE=""/>
<Obs _TYPE_="INTO" VARIABLE="I_Y" LABEL="Into: Y" LEVEL="" EVENT="" ORDER="" FORMAT="" TYPE="C" COST="" USE=""/>
</Data>
<Metadata>
<Variable NAME="_TYPE_" LABEL="Type" LENGTH="32" FORMAT="" TYPE="C"/>
<Variable NAME="VARIABLE" LABEL="Variable" LENGTH="32" FORMAT="" TYPE="C"/>
<Variable NAME="LABEL" LABEL="Label" LENGTH="256" FORMAT="" TYPE="C"/>
<Variable NAME="LEVEL" LABEL="Measurement Level" LENGTH="32" FORMAT="" TYPE="C"/>
<Variable NAME="EVENT" LABEL="Target Event" LENGTH="32" FORMAT="" TYPE="C"/>
<Variable NAME="ORDER" LABEL="Order" LENGTH="10" FORMAT="" TYPE="C"/>
<Variable NAME="FORMAT" LABEL="Format" LENGTH="32" FORMAT="" TYPE="C"/>
<Variable NAME="TYPE" LABEL="Type" LENGTH="1" FORMAT="" TYPE="C"/>
<Variable NAME="COST" LABEL="Cost" LENGTH="32" FORMAT="" TYPE="C"/>
<Variable NAME="USE" LABEL="Use" LENGTH="1" FORMAT="" TYPE="C"/>
</Metadata>
</DecMeta>
</Y>
</EmTargetAttributes>
<EmFileProperties>
<USERTRAINCODE Type="EXTERNAL" Extension="sas">
<Data/>
</USERTRAINCODE>
<EMNOTES Type="EXTERNAL" Extension="txt">
<Data/>
</EMNOTES>
</EmFileProperties>
</PROPERTIES>
</NODE>
<NODE CLASS="SASHELP.EMCORE.EXTENSION.CLASS" COMPONENT="HPDMSVM" ID="HPSVM4" X="534" Y="363" DESCRIPTION="untuned" DIAGRAMID="_ROOT_" PARENTID="" TOOLTYPE="MODEL" TOOLPREFIX="HPSVM">
<PROPERTIES Location="CATALOG" Catalog="SASHELP.HPDM.HPSVM.SOURCE" maxiter="25" missaslvl="N" tolerance="0.000001" penalty="1" method="IPOINT" interiorpointkernel="LINEAR" interiorpointdegree="2" activesetkernel="POLYNOM" activesetdegree="2" rbfparameter="1" sigmoidparameter1="1" sigmoidparameter2="-1" ForceRun="N" RunAction="Train" Component="HPDMSVM">
<VariableProperties/>
<EmVariableAttributes/>
<EmTargetAttributes>
<Target>
<DecData Table="EMWS2.HPSVM4_Target_DD">
<Data>
<Obs TARGET="1" COUNT="151" DATAPRIOR="0.5431654676" TRAINPRIOR="0.5431654676" DECPRIOR="." DECISION1="1" DECISION2="0"/>
<Obs TARGET="-1" COUNT="127" DATAPRIOR="0.4568345324" TRAINPRIOR="0.4568345324" DECPRIOR="." DECISION1="0" DECISION2="1"/>
</Data>
<Metadata>
<Variable NAME="Target" LABEL="" LENGTH="32" FORMAT="" TYPE="C"/>
<Variable NAME="COUNT" LABEL="Level Counts" LENGTH="8" FORMAT="" TYPE="N"/>
<Variable NAME="DATAPRIOR" LABEL="Data Proportions" LENGTH="8" FORMAT="" TYPE="N"/>
<Variable NAME="TRAINPRIOR" LABEL="Training Proportions" LENGTH="8" FORMAT="" TYPE="N"/>
<Variable NAME="DECPRIOR" LABEL="Decision Priors" LENGTH="8" FORMAT="" TYPE="N"/>
<Variable NAME="DECISION1" LABEL="1" LENGTH="8" FORMAT="" TYPE="N"/>
<Variable NAME="DECISION2" LABEL="-1" LENGTH="8" FORMAT="" TYPE="N"/>
</Metadata>
</DecData>
<DecMeta Table="EMWS2.HPSVM4_Target_DM">
<Data>
<Obs _TYPE_="MATRIX" VARIABLE="" LABEL="" LEVEL="PROFIT" EVENT="" ORDER="" FORMAT="" TYPE="" COST="" USE="N"/>
<Obs _TYPE_="TARGET" VARIABLE="Target" LABEL="" LEVEL="BINARY" EVENT="1" ORDER="" FORMAT="BEST12.0" TYPE="N" COST="" USE=""/>
<Obs _TYPE_="DECISION" VARIABLE="DECISION1" LABEL="1" LEVEL="" EVENT="" ORDER="" FORMAT="" TYPE="N" COST="" USE="Y"/>
<Obs _TYPE_="DECISION" VARIABLE="DECISION2" LABEL="-1" LEVEL="" EVENT="" ORDER="" FORMAT="" TYPE="N" COST="" USE="Y"/>
<Obs _TYPE_="DATAPRIOR" VARIABLE="DATAPRIOR" LABEL="Data Prior" LEVEL="" EVENT="" ORDER="" FORMAT="" TYPE="N" COST="" USE="N"/>
<Obs _TYPE_="TRAINPRIOR" VARIABLE="TRAINPRIOR" LABEL="Training Prior" LEVEL="" EVENT="" ORDER="" FORMAT="" TYPE="N" COST="" USE="N"/>
<Obs _TYPE_="DECPRIOR" VARIABLE="DECPRIOR" LABEL="Decision Prior" LEVEL="" EVENT="" ORDER="" FORMAT="" TYPE="N" COST="" USE="N"/>
<Obs _TYPE_="PREDICTED" VARIABLE="P_Target1" LABEL="Predicted: Target=1" LEVEL="1" EVENT="" ORDER="" FORMAT="" TYPE="N" COST="" USE=""/>
<Obs _TYPE_="RESIDUAL" VARIABLE="R_Target1" LABEL="Residual: Target=1" LEVEL="1" EVENT="" ORDER="" FORMAT="" TYPE="N" COST="" USE=""/>
<Obs _TYPE_="PREDICTED" VARIABLE="P_Target_1" LABEL="Predicted: Target=-1" LEVEL="-1" EVENT="" ORDER="" FORMAT="" TYPE="N" COST="" USE=""/>
<Obs _TYPE_="RESIDUAL" VARIABLE="R_Target_1" LABEL="Residual: Target=-1" LEVEL="-1" EVENT="" ORDER="" FORMAT="" TYPE="N" COST="" USE=""/>
<Obs _TYPE_="FROM" VARIABLE="F_Target" LABEL="From: Target" LEVEL="" EVENT="" ORDER="" FORMAT="" TYPE="C" COST="" USE=""/>
<Obs _TYPE_="INTO" VARIABLE="I_Target" LABEL="Into: Target" LEVEL="" EVENT="" ORDER="" FORMAT="" TYPE="C" COST="" USE=""/>
</Data>
<Metadata>
<Variable NAME="_TYPE_" LABEL="Type" LENGTH="32" FORMAT="" TYPE="C"/>
<Variable NAME="VARIABLE" LABEL="Variable" LENGTH="32" FORMAT="" TYPE="C"/>
<Variable NAME="LABEL" LABEL="Label" LENGTH="256" FORMAT="" TYPE="C"/>
<Variable NAME="LEVEL" LABEL="Measurement Level" LENGTH="32" FORMAT="" TYPE="C"/>
<Variable NAME="EVENT" LABEL="Target Event" LENGTH="32" FORMAT="" TYPE="C"/>
<Variable NAME="ORDER" LABEL="Order" LENGTH="10" FORMAT="" TYPE="C"/>
<Variable NAME="FORMAT" LABEL="Format" LENGTH="32" FORMAT="" TYPE="C"/>
<Variable NAME="TYPE" LABEL="Type" LENGTH="1" FORMAT="" TYPE="C"/>
<Variable NAME="COST" LABEL="Cost" LENGTH="32" FORMAT="" TYPE="C"/>
<Variable NAME="USE" LABEL="Use" LENGTH="1" FORMAT="" TYPE="C"/>
</Metadata>
</DecMeta>
</Target>
</EmTargetAttributes>
<EmFileProperties>
<USERTRAINCODE Type="EXTERNAL" Extension="sas">
<Data/>
</USERTRAINCODE>
<EMNOTES Type="EXTERNAL" Extension="txt">
<Data/>
</EMNOTES>
</EmFileProperties>
</PROPERTIES>
</NODE>
<NODE CLASS="SASHELP.EMCORE.EXTENSION.CLASS" COMPONENT="HPDMSVM" ID="HPSVM5" X="534" Y="313" DESCRIPTION="RBF default" DIAGRAMID="_ROOT_" PARENTID="" TOOLTYPE="MODEL" TOOLPREFIX="HPSVM">
<PROPERTIES Location="CATALOG" Catalog="SASHELP.HPDM.HPSVM.SOURCE" maxiter="25" missaslvl="N" tolerance="0.000001" penalty="1.0" method="ACTIVESET" interiorpointkernel="LINEAR" interiorpointdegree="2" activesetkernel="RBF" activesetdegree="2" rbfparameter="1.0" sigmoidparameter1="1.0" sigmoidparameter2="-1.0" ForceRun="N" RunAction="Train" Component="HPDMSVM">
<VariableProperties/>
<EmVariableAttributes/>
<EmTargetAttributes>
<Target>
<DecData Table="EMWS2.HPSVM5_Target_DD">
<Data>
<Obs TARGET="1" COUNT="151" DATAPRIOR="0.5431654676" TRAINPRIOR="0.5431654676" DECPRIOR="." DECISION1="1" DECISION2="0"/>
<Obs TARGET="-1" COUNT="127" DATAPRIOR="0.4568345324" TRAINPRIOR="0.4568345324" DECPRIOR="." DECISION1="0" DECISION2="1"/>
</Data>
<Metadata>
<Variable NAME="Target" LABEL="" LENGTH="32" FORMAT="" TYPE="C"/>
<Variable NAME="COUNT" LABEL="Level Counts" LENGTH="8" FORMAT="10." TYPE="N"/>
<Variable NAME="DATAPRIOR" LABEL="Data Proportions" LENGTH="8" FORMAT="" TYPE="N"/>
<Variable NAME="TRAINPRIOR" LABEL="Training Proportions" LENGTH="8" FORMAT="" TYPE="N"/>
<Variable NAME="DECPRIOR" LABEL="Decision Priors" LENGTH="8" FORMAT="" TYPE="N"/>
<Variable NAME="DECISION1" LABEL="1" LENGTH="8" FORMAT="" TYPE="N"/>
<Variable NAME="DECISION2" LABEL="-1" LENGTH="8" FORMAT="" TYPE="N"/>
</Metadata>
</DecData>
<DecMeta Table="EMWS2.HPSVM5_Target_DM">
<Data>
<Obs _TYPE_="MATRIX" VARIABLE="" LABEL="" LEVEL="PROFIT" EVENT="" ORDER="" FORMAT="" TYPE="" COST="" USE="N"/>
<Obs _TYPE_="TARGET" VARIABLE="Target" LABEL="" LEVEL="BINARY" EVENT="1" ORDER="" FORMAT="BEST12.0" TYPE="N" COST="" USE=""/>
<Obs _TYPE_="DECISION" VARIABLE="DECISION1" LABEL="1" LEVEL="" EVENT="" ORDER="" FORMAT="" TYPE="N" COST="" USE="Y"/>
<Obs _TYPE_="DECISION" VARIABLE="DECISION2" LABEL="-1" LEVEL="" EVENT="" ORDER="" FORMAT="" TYPE="N" COST="" USE="Y"/>
<Obs _TYPE_="DATAPRIOR" VARIABLE="DATAPRIOR" LABEL="Data Prior" LEVEL="" EVENT="" ORDER="" FORMAT="" TYPE="N" COST="" USE="N"/>
<Obs _TYPE_="TRAINPRIOR" VARIABLE="TRAINPRIOR" LABEL="Training Prior" LEVEL="" EVENT="" ORDER="" FORMAT="" TYPE="N" COST="" USE="N"/>
<Obs _TYPE_="DECPRIOR" VARIABLE="DECPRIOR" LABEL="Decision Prior" LEVEL="" EVENT="" ORDER="" FORMAT="" TYPE="N" COST="" USE="N"/>
<Obs _TYPE_="PREDICTED" VARIABLE="P_Target1" LABEL="Predicted: Target=1" LEVEL="1" EVENT="" ORDER="" FORMAT="" TYPE="N" COST="" USE=""/>
<Obs _TYPE_="RESIDUAL" VARIABLE="R_Target1" LABEL="Residual: Target=1" LEVEL="1" EVENT="" ORDER="" FORMAT="" TYPE="N" COST="" USE=""/>
<Obs _TYPE_="PREDICTED" VARIABLE="P_Target_1" LABEL="Predicted: Target=-1" LEVEL="-1" EVENT="" ORDER="" FORMAT="" TYPE="N" COST="" USE=""/>
<Obs _TYPE_="RESIDUAL" VARIABLE="R_Target_1" LABEL="Residual: Target=-1" LEVEL="-1" EVENT="" ORDER="" FORMAT="" TYPE="N" COST="" USE=""/>
<Obs _TYPE_="FROM" VARIABLE="F_Target" LABEL="From: Target" LEVEL="" EVENT="" ORDER="" FORMAT="" TYPE="C" COST="" USE=""/>
<Obs _TYPE_="INTO" VARIABLE="I_Target" LABEL="Into: Target" LEVEL="" EVENT="" ORDER="" FORMAT="" TYPE="C" COST="" USE=""/>
</Data>
<Metadata>
<Variable NAME="_TYPE_" LABEL="Type" LENGTH="32" FORMAT="" TYPE="C"/>
<Variable NAME="VARIABLE" LABEL="Variable" LENGTH="32" FORMAT="" TYPE="C"/>
<Variable NAME="LABEL" LABEL="Label" LENGTH="256" FORMAT="" TYPE="C"/>
<Variable NAME="LEVEL" LABEL="Measurement Level" LENGTH="32" FORMAT="" TYPE="C"/>
<Variable NAME="EVENT" LABEL="Target Event" LENGTH="32" FORMAT="" TYPE="C"/>
<Variable NAME="ORDER" LABEL="Order" LENGTH="10" FORMAT="" TYPE="C"/>
<Variable NAME="FORMAT" LABEL="Format" LENGTH="32" FORMAT="" TYPE="C"/>
<Variable NAME="TYPE" LABEL="Type" LENGTH="1" FORMAT="" TYPE="C"/>
<Variable NAME="COST" LABEL="Cost" LENGTH="32" FORMAT="" TYPE="C"/>
<Variable NAME="USE" LABEL="Use" LENGTH="1" FORMAT="" TYPE="C"/>
</Metadata>
</DecMeta>
</Target>
</EmTargetAttributes>
<EmFileProperties>
<USERTRAINCODE Type="EXTERNAL" Extension="sas">
<Data/>
</USERTRAINCODE>
<EMNOTES Type="EXTERNAL" Extension="txt">
<Data/>
</EMNOTES>
</EmFileProperties>
</PROPERTIES>
</NODE>
<NODE CLASS="SASHELP.EMCORE.EXTENSION.CLASS" COMPONENT="HPDMSVM" ID="HPSVM6" X="537" Y="263" DESCRIPTION="RBF C10" DIAGRAMID="_ROOT_" PARENTID="" TOOLTYPE="MODEL" TOOLPREFIX="HPSVM">
<PROPERTIES Location="CATALOG" Catalog="SASHELP.HPDM.HPSVM.SOURCE" maxiter="25" missaslvl="N" tolerance="1.0E-6" penalty="10.0" method="ACTIVESET" interiorpointkernel="LINEAR" interiorpointdegree="2" activesetkernel="RBF" activesetdegree="2" rbfparameter="1.0" sigmoidparameter1="1.0" sigmoidparameter2="-1.0" ForceRun="N" RunAction="Train" Component="HPDMSVM">
<VariableProperties/>
<EmTargetAttributes>
<Target>
<DecData Table="EMWS2.HPSVM6_Target_DD">
<Data>
<Obs TARGET="1" COUNT="151" DATAPRIOR="0.5431654676" TRAINPRIOR="0.5431654676" DECPRIOR="." DECISION1="1" DECISION2="0"/>
<Obs TARGET="-1" COUNT="127" DATAPRIOR="0.4568345324" TRAINPRIOR="0.4568345324" DECPRIOR="." DECISION1="0" DECISION2="1"/>
</Data>
<Metadata>
<Variable NAME="Target" LABEL="" LENGTH="32" FORMAT="" TYPE="C"/>
<Variable NAME="COUNT" LABEL="Level Counts" LENGTH="8" FORMAT="10." TYPE="N"/>
<Variable NAME="DATAPRIOR" LABEL="Data Proportions" LENGTH="8" FORMAT="" TYPE="N"/>
<Variable NAME="TRAINPRIOR" LABEL="Training Proportions" LENGTH="8" FORMAT="" TYPE="N"/>
<Variable NAME="DECPRIOR" LABEL="Decision Priors" LENGTH="8" FORMAT="" TYPE="N"/>
<Variable NAME="DECISION1" LABEL="1" LENGTH="8" FORMAT="" TYPE="N"/>
<Variable NAME="DECISION2" LABEL="-1" LENGTH="8" FORMAT="" TYPE="N"/>
</Metadata>
</DecData>
<DecMeta Table="EMWS2.HPSVM6_Target_DM">
<Data>
<Obs _TYPE_="MATRIX" VARIABLE="" LABEL="" LEVEL="PROFIT" EVENT="" ORDER="" FORMAT="" TYPE="" COST="" USE="N"/>
<Obs _TYPE_="TARGET" VARIABLE="Target" LABEL="" LEVEL="BINARY" EVENT="1" ORDER="" FORMAT="BEST12.0" TYPE="N" COST="" USE=""/>
<Obs _TYPE_="DECISION" VARIABLE="DECISION1" LABEL="1" LEVEL="" EVENT="" ORDER="" FORMAT="" TYPE="N" COST="" USE="Y"/>
<Obs _TYPE_="DECISION" VARIABLE="DECISION2" LABEL="-1" LEVEL="" EVENT="" ORDER="" FORMAT="" TYPE="N" COST="" USE="Y"/>
<Obs _TYPE_="DATAPRIOR" VARIABLE="DATAPRIOR" LABEL="Data Prior" LEVEL="" EVENT="" ORDER="" FORMAT="" TYPE="N" COST="" USE="N"/>
<Obs _TYPE_="TRAINPRIOR" VARIABLE="TRAINPRIOR" LABEL="Training Prior" LEVEL="" EVENT="" ORDER="" FORMAT="" TYPE="N" COST="" USE="N"/>
<Obs _TYPE_="DECPRIOR" VARIABLE="DECPRIOR" LABEL="Decision Prior" LEVEL="" EVENT="" ORDER="" FORMAT="" TYPE="N" COST="" USE="N"/>
<Obs _TYPE_="PREDICTED" VARIABLE="P_Target1" LABEL="Predicted: Target=1" LEVEL="1" EVENT="" ORDER="" FORMAT="" TYPE="N" COST="" USE=""/>
<Obs _TYPE_="RESIDUAL" VARIABLE="R_Target1" LABEL="Residual: Target=1" LEVEL="1" EVENT="" ORDER="" FORMAT="" TYPE="N" COST="" USE=""/>
<Obs _TYPE_="PREDICTED" VARIABLE="P_Target_1" LABEL="Predicted: Target=-1" LEVEL="-1" EVENT="" ORDER="" FORMAT="" TYPE="N" COST="" USE=""/>
<Obs _TYPE_="RESIDUAL" VARIABLE="R_Target_1" LABEL="Residual: Target=-1" LEVEL="-1" EVENT="" ORDER="" FORMAT="" TYPE="N" COST="" USE=""/>
<Obs _TYPE_="FROM" VARIABLE="F_Target" LABEL="From: Target" LEVEL="" EVENT="" ORDER="" FORMAT="" TYPE="C" COST="" USE=""/>
<Obs _TYPE_="INTO" VARIABLE="I_Target" LABEL="Into: Target" LEVEL="" EVENT="" ORDER="" FORMAT="" TYPE="C" COST="" USE=""/>
</Data>
<Metadata>
<Variable NAME="_TYPE_" LABEL="Type" LENGTH="32" FORMAT="" TYPE="C"/>
<Variable NAME="VARIABLE" LABEL="Variable" LENGTH="32" FORMAT="" TYPE="C"/>
<Variable NAME="LABEL" LABEL="Label" LENGTH="256" FORMAT="" TYPE="C"/>
<Variable NAME="LEVEL" LABEL="Measurement Level" LENGTH="32" FORMAT="" TYPE="C"/>
<Variable NAME="EVENT" LABEL="Target Event" LENGTH="32" FORMAT="" TYPE="C"/>
<Variable NAME="ORDER" LABEL="Order" LENGTH="10" FORMAT="" TYPE="C"/>
<Variable NAME="FORMAT" LABEL="Format" LENGTH="32" FORMAT="" TYPE="C"/>
<Variable NAME="TYPE" LABEL="Type" LENGTH="1" FORMAT="" TYPE="C"/>
<Variable NAME="COST" LABEL="Cost" LENGTH="32" FORMAT="" TYPE="C"/>
<Variable NAME="USE" LABEL="Use" LENGTH="1" FORMAT="" TYPE="C"/>
</Metadata>
</DecMeta>
</Target>
</EmTargetAttributes>
<EmVariableAttributes/>
<EmFileProperties>
<USERTRAINCODE Type="EXTERNAL" Extension="sas">
<Data/>
</USERTRAINCODE>
<EMNOTES Type="EXTERNAL" Extension="txt">
<Data/>
</EMNOTES>
</EmFileProperties>
</PROPERTIES>
</NODE>
<NODE CLASS="SASHELP.EMCORE.EXTENSION.CLASS" COMPONENT="HPDMSVM" ID="HPSVM9" X="537" Y="215" DESCRIPTION="RBF .1" DIAGRAMID="_ROOT_" PARENTID="" TOOLTYPE="MODEL" TOOLPREFIX="HPSVM">
<PROPERTIES Location="CATALOG" Catalog="SASHELP.HPDM.HPSVM.SOURCE" maxiter="25" missaslvl="N" tolerance="0.000001" penalty="1.0" method="ACTIVESET" interiorpointkernel="LINEAR" interiorpointdegree="2" activesetkernel="RBF" activesetdegree="2" rbfparameter="0.1" sigmoidparameter1="1.0" sigmoidparameter2="-1.0" ForceRun="N" RunAction="Train" Component="HPDMSVM">
<VariableProperties/>
<EmTargetAttributes>
<Target>
<DecData Table="EMWS2.HPSVM9_Target_DD">
<Data>
<Obs TARGET="1" COUNT="151" DATAPRIOR="0.5431654676" TRAINPRIOR="0.5431654676" DECPRIOR="." DECISION1="1" DECISION2="0"/>
<Obs TARGET="-1" COUNT="127" DATAPRIOR="0.4568345324" TRAINPRIOR="0.4568345324" DECPRIOR="." DECISION1="0" DECISION2="1"/>
</Data>
<Metadata>
<Variable NAME="Target" LABEL="" LENGTH="32" FORMAT="" TYPE="C"/>
<Variable NAME="COUNT" LABEL="Level Counts" LENGTH="8" FORMAT="10." TYPE="N"/>
<Variable NAME="DATAPRIOR" LABEL="Data Proportions" LENGTH="8" FORMAT="" TYPE="N"/>
<Variable NAME="TRAINPRIOR" LABEL="Training Proportions" LENGTH="8" FORMAT="" TYPE="N"/>
<Variable NAME="DECPRIOR" LABEL="Decision Priors" LENGTH="8" FORMAT="" TYPE="N"/>
<Variable NAME="DECISION1" LABEL="1" LENGTH="8" FORMAT="" TYPE="N"/>
<Variable NAME="DECISION2" LABEL="-1" LENGTH="8" FORMAT="" TYPE="N"/>
</Metadata>
</DecData>
<DecMeta Table="EMWS2.HPSVM9_Target_DM">
<Data>
<Obs _TYPE_="MATRIX" VARIABLE="" LABEL="" LEVEL="PROFIT" EVENT="" ORDER="" FORMAT="" TYPE="" COST="" USE="N"/>
<Obs _TYPE_="TARGET" VARIABLE="Target" LABEL="" LEVEL="BINARY" EVENT="1" ORDER="" FORMAT="BEST12.0" TYPE="N" COST="" USE=""/>
<Obs _TYPE_="DECISION" VARIABLE="DECISION1" LABEL="1" LEVEL="" EVENT="" ORDER="" FORMAT="" TYPE="N" COST="" USE="Y"/>
<Obs _TYPE_="DECISION" VARIABLE="DECISION2" LABEL="-1" LEVEL="" EVENT="" ORDER="" FORMAT="" TYPE="N" COST="" USE="Y"/>
<Obs _TYPE_="DATAPRIOR" VARIABLE="DATAPRIOR" LABEL="Data Prior" LEVEL="" EVENT="" ORDER="" FORMAT="" TYPE="N" COST="" USE="N"/>
<Obs _TYPE_="TRAINPRIOR" VARIABLE="TRAINPRIOR" LABEL="Training Prior" LEVEL="" EVENT="" ORDER="" FORMAT="" TYPE="N" COST="" USE="N"/>
<Obs _TYPE_="DECPRIOR" VARIABLE="DECPRIOR" LABEL="Decision Prior" LEVEL="" EVENT="" ORDER="" FORMAT="" TYPE="N" COST="" USE="N"/>
<Obs _TYPE_="PREDICTED" VARIABLE="P_Target1" LABEL="Predicted: Target=1" LEVEL="1" EVENT="" ORDER="" FORMAT="" TYPE="N" COST="" USE=""/>
<Obs _TYPE_="RESIDUAL" VARIABLE="R_Target1" LABEL="Residual: Target=1" LEVEL="1" EVENT="" ORDER="" FORMAT="" TYPE="N" COST="" USE=""/>
<Obs _TYPE_="PREDICTED" VARIABLE="P_Target_1" LABEL="Predicted: Target=-1" LEVEL="-1" EVENT="" ORDER="" FORMAT="" TYPE="N" COST="" USE=""/>
<Obs _TYPE_="RESIDUAL" VARIABLE="R_Target_1" LABEL="Residual: Target=-1" LEVEL="-1" EVENT="" ORDER="" FORMAT="" TYPE="N" COST="" USE=""/>
<Obs _TYPE_="FROM" VARIABLE="F_Target" LABEL="From: Target" LEVEL="" EVENT="" ORDER="" FORMAT="" TYPE="C" COST="" USE=""/>
<Obs _TYPE_="INTO" VARIABLE="I_Target" LABEL="Into: Target" LEVEL="" EVENT="" ORDER="" FORMAT="" TYPE="C" COST="" USE=""/>
</Data>
<Metadata>
<Variable NAME="_TYPE_" LABEL="Type" LENGTH="32" FORMAT="" TYPE="C"/>
<Variable NAME="VARIABLE" LABEL="Variable" LENGTH="32" FORMAT="" TYPE="C"/>
<Variable NAME="LABEL" LABEL="Label" LENGTH="256" FORMAT="" TYPE="C"/>
<Variable NAME="LEVEL" LABEL="Measurement Level" LENGTH="32" FORMAT="" TYPE="C"/>
<Variable NAME="EVENT" LABEL="Target Event" LENGTH="32" FORMAT="" TYPE="C"/>
<Variable NAME="ORDER" LABEL="Order" LENGTH="10" FORMAT="" TYPE="C"/>
<Variable NAME="FORMAT" LABEL="Format" LENGTH="32" FORMAT="" TYPE="C"/>
<Variable NAME="TYPE" LABEL="Type" LENGTH="1" FORMAT="" TYPE="C"/>
<Variable NAME="COST" LABEL="Cost" LENGTH="32" FORMAT="" TYPE="C"/>
<Variable NAME="USE" LABEL="Use" LENGTH="1" FORMAT="" TYPE="C"/>
</Metadata>
</DecMeta>
</Target>
</EmTargetAttributes>
<EmVariableAttributes/>
<EmFileProperties>
<USERTRAINCODE Type="EXTERNAL" Extension="sas">
<Data/>
</USERTRAINCODE>
<EMNOTES Type="EXTERNAL" Extension="txt">
<Data/>
</EMNOTES>
</EmFileProperties>
</PROPERTIES>
</NODE>
<NODE CLASS="SASHELP.EMSAMP.IDS.CLASS" COMPONENT="DataSource" ID="Ids" X="138" Y="1056" DESCRIPTION="CIRCLE_IN_A_SQUARE" DIAGRAMID="_ROOT_" PARENTID="" TOOLTYPE="SAMPLE" TOOLPREFIX="Ids">
<PROPERTIES DataSource="circleinasquare" Scope="LOCAL" Role="RAW" Library="RFSVM" Table="CIRCLE_IN_A_SQUARE" NCols="4" NObs="1000" NBytes="66560" Segment="" DataSourceRole="RAW" OutputType="VIEW" ForceRun="N" ComputeStatistics="N" DataSelection="DATASOURCE" NewTable="" MetaAdvisor="BASIC" ApplyIntervalLevelLowerLimit="Y" IntervalLowerLimit="20" ApplyMaxPercentMissing="Y" MaxPercentMissing="50" ApplyMaxClassLevels="Y" MaxClassLevels="20" IdentifyEmptyColumns="Y" VariableValidation="STRICT" NewVariableRole="REJECT" DropMapVariables="Y" DsId="circleinasquare" DsSampleName="" DsSampleSizeType="" DsSampleSize="" DsCreatedBy="brwuje" DsCreateDate="1744800877.3" DsModifiedBy="brwuje" DsModifyDate="1744800877.4" DsScope="LOCAL" Sample="D" SampleSizeType="PERCENT" SampleSizePercent="20" SampleSizeObs="10000" DBPassThrough="Y" RunAction="Train" Component="DataSource" Description="">
<VariableProperties/>
<EmVariableAttributes>
<DELTA Variable="X1" AttributeName="DROP" AttributeValue="N"/>
<DELTA Variable="X2" AttributeName="DROP" AttributeValue="N"/>
<DELTA Variable="Y" AttributeName="ROLE" AttributeValue="TARGET"/>
<DELTA Variable="Y" AttributeName="LEVEL" AttributeValue="BINARY"/>
<DELTA Variable="Y" AttributeName="DROP" AttributeValue="N"/>
<DELTA Variable="pointID" AttributeName="ROLE" AttributeValue="ID"/>
<DELTA Variable="pointID" AttributeName="DROP" AttributeValue="N"/>
</EmVariableAttributes>
<EmTargetAttributes/>
<EmFileProperties>
<EMNOTES Type="EXTERNAL" Extension="txt">
<Data/>
</EMNOTES>
</EmFileProperties>
</PROPERTIES>
</NODE>
<NODE CLASS="SASHELP.EMASSMT.ASSESS.CLASS" COMPONENT="ModelCompare" ID="MdlComp" X="732" Y="957" DESCRIPTION="Model Comparison" DIAGRAMID="_ROOT_" PARENTID="" TOOLTYPE="ASSESS" TOOLPREFIX="MdlComp">
<PROPERTIES NumberOfReportedLevels="1E-6" NormalizeReportingVariables="Y" DecileBin="20" LiftEpsilon="1E-6" ProfitEpsilon="1E-6" RoiEpsilon="1E-6" ScoreDistBin="20" RocChart="Y" RocEpsilon="0.01" AssessAllTargetLevels="N" SelectionData="DEFAULT" HPCriteria="DEFAULT" SelectionTable="TRAIN" SelectionCriteria="DEFAULT" SelectionDepth="10" NumberofBins="20" RecomputeAssess="N" TargetName="Y" ModelId="HPSVM" ModelDescription="HP SVM" ModelCriteria="Valid: Misclassification Rate" ForceRun="N" RunAction="Train" Component="ModelCompare" StatisticUsed="_VMISC_" TargetLabel="">
<VariableProperties/>
<EmVariableAttributes/>
<EmTargetAttributes/>
<EmFileProperties>
<EMNOTES Type="EXTERNAL" Extension="txt">
<Data/>
</EMNOTES>
</EmFileProperties>
</PROPERTIES>
</NODE>
<NODE CLASS="SASHELP.EMASSMT.ASSESS.CLASS" COMPONENT="ModelCompare" ID="MdlComp2" X="734" Y="264" DESCRIPTION="Model Comparison (2)" DIAGRAMID="_ROOT_" PARENTID="" TOOLTYPE="ASSESS" TOOLPREFIX="MdlComp">
<PROPERTIES NumberOfReportedLevels="1E-6" NormalizeReportingVariables="Y" DecileBin="20" LiftEpsilon="1E-6" ProfitEpsilon="1E-6" RoiEpsilon="1E-6" ScoreDistBin="20" RocChart="Y" RocEpsilon="0.01" AssessAllTargetLevels="N" SelectionData="DEFAULT" HPCriteria="DEFAULT" SelectionTable="TRAIN" SelectionCriteria="DEFAULT" SelectionDepth="10" NumberofBins="20" RecomputeAssess="N" TargetName="Target" ModelId="HPSVM9" ModelDescription="RBF .1" ModelCriteria="Valid: Misclassification Rate" ForceRun="N" RunAction="Train" Component="ModelCompare" StatisticUsed="_VMISC_" TargetLabel="">
<VariableProperties/>
<EmVariableAttributes/>
<EmTargetAttributes/>
<EmFileProperties>
<EMNOTES Type="EXTERNAL" Extension="txt">
<Data/>
</EMNOTES>
</EmFileProperties>
</PROPERTIES>
</NODE>
<NODE CLASS="SASHELP.EMSAMP.EMDPART.CLASS" COMPONENT="Partition" ID="Part" X="336" Y="1056" DESCRIPTION="Data Partition" DIAGRAMID="_ROOT_" PARENTID="" TOOLTYPE="SAMPLE" TOOLPREFIX="Part">
<PROPERTIES Method="DEFAULT" TrainPct="70" ValidatePct="30" TestPct="0" RandomSeed="12345" OutputType="DATA" IntervalDistribution="Y" ClassDistribution="Y" ForceRun="N" RunAction="Train" Component="Partition">
<VariableProperties/>
<EmVariableAttributes/>
<EmTargetAttributes/>
<EmFileProperties>
<EMNOTES Type="EXTERNAL" Extension="txt">
<Data/>
</EMNOTES>
</EmFileProperties>
</PROPERTIES>
</NODE>
<NODE CLASS="SASHELP.EMSAMP.EMDPART.CLASS" COMPONENT="Partition" ID="Part2" X="336" Y="396" DESCRIPTION="Data Partition (2)" DIAGRAMID="_ROOT_" PARENTID="" TOOLTYPE="SAMPLE" TOOLPREFIX="Part">
<PROPERTIES Method="DEFAULT" TrainPct="70" ValidatePct="30" TestPct="0" RandomSeed="12345" OutputType="DATA" IntervalDistribution="Y" ClassDistribution="Y" ForceRun="N" RunAction="Train" Component="Partition">
<VariableProperties/>
<EmVariableAttributes/>
<EmTargetAttributes/>
<EmFileProperties>
<EMNOTES Type="EXTERNAL" Extension="txt">
<Data/>
</EMNOTES>
</EmFileProperties>
</PROPERTIES>
</NODE>
</NODES>
<CONNECTIONS>
<CONNECTION FROM="Ids" TO="Part"/>
<CONNECTION FROM="Ids" TO="GrfExpl"/>
<CONNECTION FROM="Part" TO="HPSVM"/>
<CONNECTION FROM="Part" TO="HPSVM3"/>
<CONNECTION FROM="Part" TO="EMCODE6"/>
<CONNECTION FROM="HPSVM3" TO="MdlComp"/>
<CONNECTION FROM="HPSVM" TO="GrfExpl2"/>
<CONNECTION FROM="HPSVM" TO="MdlComp"/>
<CONNECTION FROM="FIMPORT" TO="Part2"/>
<CONNECTION FROM="FIMPORT" TO="GrfExpl3"/>
<CONNECTION FROM="Part2" TO="EMCODE"/>
<CONNECTION FROM="Part2" TO="HPSVM2"/>
<CONNECTION FROM="Part2" TO="HPSVM4"/>
<CONNECTION FROM="Part2" TO="HPSVM5"/>
<CONNECTION FROM="Part2" TO="HPSVM6"/>
<CONNECTION FROM="Part2" TO="HPSVM9"/>
<CONNECTION FROM="Part2" TO="EMCODE2"/>
<CONNECTION FROM="Part2" TO="EMCODE3"/>
<CONNECTION FROM="Part2" TO="EMCODE5"/>
<CONNECTION FROM="HPSVM9" TO="MdlComp2"/>
<CONNECTION FROM="HPSVM6" TO="MdlComp2"/>
<CONNECTION FROM="HPSVM5" TO="MdlComp2"/>
<CONNECTION FROM="HPSVM4" TO="MdlComp2"/>
<CONNECTION FROM="HPSVM2" TO="MdlComp2"/>
</CONNECTIONS>
<NOTES>
<DATA><![CDATA[

]]>
</DATA>
</NOTES>
</Workspace>
</_ROOT_>
